-- phpMyAdmin SQL Dump
-- version 3.5.2.2
-- http://www.phpmyadmin.net
--
-- Хост: localhost
-- Время создания: Сен 20 2014 г., 20:31
-- Версия сервера: 5.5.35-33.0
-- Версия PHP: 5.3.28

SET SQL_MODE="NO_AUTO_VALUE_ON_ZERO";
SET time_zone = "+00:00";


/*!40101 SET @OLD_CHARACTER_SET_CLIENT=@@CHARACTER_SET_CLIENT */;
/*!40101 SET @OLD_CHARACTER_SET_RESULTS=@@CHARACTER_SET_RESULTS */;
/*!40101 SET @OLD_COLLATION_CONNECTION=@@COLLATION_CONNECTION */;
/*!40101 SET NAMES utf8 */;

--
-- База данных: `u9181616_fcssadon`
--

-- --------------------------------------------------------

--
-- Структура таблицы `articles`
--

DROP TABLE IF EXISTS `articles`;
CREATE TABLE IF NOT EXISTS `articles` (
  `id` int(11) unsigned NOT NULL AUTO_INCREMENT,
  `title` varchar(255) NOT NULL,
  `full_text` text,
  `category_id` int(11) NOT NULL DEFAULT '1',
  `created_at` int(11) DEFAULT NULL,
  `updated_at` int(11) DEFAULT NULL,
  `preview` text NOT NULL,
  `vk_comments_count` int(11) NOT NULL DEFAULT '0',
  PRIMARY KEY (`id`)
) ENGINE=InnoDB  DEFAULT CHARSET=utf8 AUTO_INCREMENT=84 ;

--
-- Дамп данных таблицы `articles`
--

INSERT INTO `articles` (`id`, `title`, `full_text`, `category_id`, `created_at`, `updated_at`, `preview`, `vk_comments_count`) VALUES
(1, 'С ДНЁМ ПОБЕДЫ!!!', '<p>ЛФК "Шахтёр Садон" поздравляет с праздником Великой Победы! Низкий поклон вам, ветераны! Спасибо за мирное небо над головой!! Мы помним, мы гордимся!!!</p>', 1, 1397390511, 1400281506, '', 0),
(2, 'Интервью', '<div id="lipsum">\r\n<p><strong>После матча пару слов нам сказал защитник ЛФК "Шахтёр Садон" №85 Мозговой Антон</strong><br /><br /><img src="http://cs616923.vk.me/v616923385/af9c/YbOEQO8ifYY.jpg" alt="" width="516" height="302" /><br /><br /><strong>Добрый день Антон! Назовите основные причины поражения?</strong><br /><br /><strong><span style="color: #008000;">Не такой он добрый, как хотелось бы. Но да ладно. Что ж, на мой взгляд, их несколько. Первое - слабая игра в атаке, мы в четырёх матчах забили три мяча, второе - плохая игра на стандартах, опять после углового пропустили! Третье - недостаточная агрессия в единоборствах, очень много единоборств проигрываем. Четвёртое - невезение. Сегодня у нас было небольшое преимущество, пожалуй, впервые, счёт не по игре</span></strong><br /><br /><strong>В предыдущих матчах ваша команда жаловалась на судейство, как на ваш взгляд судья справился?</strong><br /><br /><span style="color: #008000;"><strong>Я не разделяю постоянные жалобы на судейство. Пожалуй, только в первом матче у нас были объективные причины к недовольству. Сегодня судья справился хорошо. Ошибаются игроки, ошибаются судьи, это нормально. Думал, что будет хуже</strong></span><br /><br /><span style="color: #000000;"><strong>Казалось что во втором тайме вы были ближе к победе, но одна ошибка изменила ход встречи. Как оцените игру защитной линии команды?</strong></span><br /><br /><span style="color: #008000;"><strong>В первом тайме защита играла слабо, приходится это признавать. Во второй половине встречи стало получше. Оценил бы на четыре. Нужно понимать, что речь идёт не только о защитниках. Нужно, чтобы наши полузащитники и нападающие больше атаковали, тогда и защитникам придётся меньше отбиваться</strong></span><br /><br /><span style="color: #000000;"><strong>Оцените игру одного из самых молодых игроков команды Чехоева И., ведь это был его дебют в стартовом составе?</strong></span><br /><br /><span style="color: #008000;"><strong>Было заметно, что наш молодой защитник нервничал. Но это неудивительно, ведь был дебют. Как только Ибрагиму удастся справиться с нервами, он сможет играть более надёжно. Я считаю, что в целом он сыграл неплохо. Не склонен строго судить его игру, конечно, были ошибки, но с опытом будет лучше</strong></span><br /><br /><span style="color: #000000;"><strong>Ну хочется сказать вашей команде не расстраивайтесь, и пожелать удачи в будущем! Победы ещё впереди! Спасибо!</strong></span><br /><br /><span style="color: #008000;"><strong>Спасибо! уверен, что первая победа не за горами!</strong></span></p>\r\n</div>', 3, 1397409883, 1404422501, '', 0),
(3, 'ЛФК "Шахтёр Садон" расторг контракт с Чехоевым', '<div id="lipsum">\r\n<p style="text-align: left;">ЛФК "Шахтёр Садон" отзаявляет защитника команды, Чехоева Чермена Владимировича, и желает ему удачной службы в вооруженных силах Российской Федерации.</p>\r\n</div>', 1, 1397409897, 1400001846, '', 0),
(4, '"Шахтёр Садон" потерпел поражение в дерби', '<p style="text-align: left;">&nbsp;<img src="http://cs618316.vk.me/v618316411/44f1/6Pd9z8OIVbM.jpg" alt="" width="400" height="267" /></p>\r\n<p style="text-align: left;">ЛФК "Шахтёр Садон" потерпел очередное поражение от ЛФК "Джанрос".&nbsp;В равной игре всё решила единственная ошибка.</p>\r\n<p style="text-align: left;">С начала матча ЛФК "Шахтёр Садон" начал штурмовать ворота соперника, угловые у ворот "Джанрос" шли один за другим. Но воплотить их в гол не получилось. В одной из контратак игрок Джанроса вырывался один на один, и Чехоев И. зацепил игрока соперника сорвав тем самым опасную атаку.&nbsp;</p>\r\n<p style="text-align: left;">Затем игра выровнялась горняки пытались атаковать в итоге первыми достали мяч из сетки ворот. После исполнения штрафного удара, мяч оказался в сетке наших ворот, как видели многие из положения вне игры, однако боковой судья, офсайда не увидел. И "Джанрос" повёл 0:1.<br /><br />В первом тайме команды опасных моментов больше не создали.<br /><br />Во втором тайме горняки перестроили игру в два нападающих, что принесло свой результат, после шикарного паса от Сошкина, Еналдиев вышел один на один с вратарём и пустил мяч между ног вратаря. Так счёт стал 1:1.<br /><br />Сразу же после гола "горняки" имели возможность выйти вперёд после стенки между Качмазовым и Еналдиевым, второй выскочил один на один с вратарём но пробил в небеса.&nbsp;<br /><br />Тут сработала старая футбольная мудрость "Не забиваешь ты, забивают тебе!". После ошибки Лолаева, Бугулов забрал мяч и внешней стороной вырезал пас на набегавшего Алборова, который с двух метров не промазал. 1:2. Отчаянные попытки горняков отыграться, результата не принесли.&nbsp;<br /><br />Благодарим наших друзей за игру! Поздравляем с победой! И желаем успехов в дальнейшем! Нам же не стоит отчаиваться, сыграли достойно, но нужно доигрывать каждый момент. Ошибки нам прощать никто не собирается. Также хотим отметить главного судью матча, который блестяще контролировал ход игры! И заслужил свои 5+ за матч.</p>', 1, 1397409908, 1400154371, '', 0),
(5, 'Контакты', '<p><strong><span style="color: #000000;">Руководитель команды:</span></strong><br /><br /><span style="color: #00ff00;"><strong><em><span style="color: #008000;">Чехоев Сослан</span></em></strong></span></p>\r\n<p><span style="color: #00ff00;"><strong><em><span style="color: #000000;">почтовый ящик:&nbsp;<a href="mailto:s.chekhoev@fcssadon.ru">s.chekhoev@fcssadon.ru</a></span></em></strong></span></p>\r\n<p>&nbsp;</p>\r\n<p><span style="color: #00ff00;"><span style="color: #000000;"><strong>Генеральный директор команды:</strong></span><em><a href="mailto:bor-cech@mail.ru"><br /></a></em></span></p>\r\n<p><span style="color: #00ff00;"><em><strong><span style="color: #008000;">Мозговой Антон</span></strong></em></span></p>\r\n<p><em><strong><span style="color: #000000;">почтовый ящик:</span>&nbsp;<a href="http://vk.com/write?email=a.mozgovoy@fcssadon.ru" target="_blank">a.mozgovoy@fcssadon.ru</a></strong></em></p>\r\n<p>&nbsp;</p>\r\n<p><em><strong>и.о. тренера:</strong></em></p>\r\n<p><span style="color: #008000;"><strong><em>Кучиев Артур</em></strong></span></p>\r\n<p><em><strong>почтовый ящик:&nbsp;<a href="http://vk.com/write?email=a.kuchiev@fcssadon.ru" target="_blank">a.kuchiev@fcssadon.ru</a></strong></em></p>\r\n<p><br /><strong>По всем вопросам можно обращаться на почту клуба</strong>:&nbsp;<a href="mailto: info@fcssadon.ru" target="_blank">info@fcssadon.ru</a></p>', 2, 1399543307, 1400081996, '', 0),
(6, '"Академия системного анализа" стала спонсором ЛФК "Шахтёр Садон"', '<p><img src="../../assets/img/uploads/asa.jpg" alt="" width="400" height="268" /></p>\r\n<p>С апреля 2014 года ООО "Академия системного анализа" будет являться спонсором ЛФК "Шахтёр Садон". Руководство компании взяло на себя обязательства по финансированию футбольного клуба. Логотип "Академии системного анализа" будет размещён на игровой форме футбольного клуба.</p>\r\n<p>Более подробно узнать о компании "Академия системного анализа" можно на официальном сайте - <a href="http://www.asa.guru">www.asa.guru</a>&nbsp;или на сайте подразделения компании - <a href="http://www.labst15.ru">www.labst15.ru</a></p>', 1, 1400003371, 1400190742, '<p>ЛФК "Шахтёр Садон" обзавёлся официальным спонсором. Им стала IT-компания ООО "Лаборатория современных технологий"</p>', 0),
(7, 'Вернули команде заслуженное одно очко!', '<p>Сегодня состоялось заседание всех капитанов чемпионата ЛЛФК. <br />По решению совета всех капитанов команд решено: вернуть списанные очки командам <br /><strong>ЛФК "Шахтёр Садон"</strong> <br />ЛФК "ПАО"</p>\r\n<p>Таким образом у ЛФК "Шахтёр Садон" после 4-х туров одно набранное очко.</p>', 1, 1400008513, 1400190666, '<p>По итогам заседания всех капитанов чемпионата ЛЛФК "горнякам" было решено вернуть 1 очко, которое сняли с команды за непредоставление судей на очередной поединок. ЛФК "Шахтёр Садон" благодарит всех, кто проголосовал за это решение.</p>', 0),
(8, 'БФ "Быть Добру" новый партнёр команды', '<p><strong>ЛФК &laquo;Шахтёр Садон&raquo; и БФ &laquo;Быть Добру&raquo; заключают партнёрские отношения.</strong><br /><br /><img src="http://cs424320.vk.me/v424320411/7917/PVWJkTEKS6k.jpg" alt="" width="571" height="200" /></p>\r\n<p>Уже больше года общественный благотворительный фонд &laquo;Быть Добру&raquo; оказывает поддержку жителям Северной Осетии. Создатели фонда &mdash; это молодые люди, избравшие для себя не простой, но благородный путь. Фонд сотрудничает с министерством здравоохранения Северной Осетии, Русфондом, Общественной Организацией &laquo;Иры Фидан&raquo; и планирует расширять партнерские отношения с клиниками и другими благотворительными организациями России.</p>', 1, 1400161528, 1400190594, '<p>ЛФК "Шахтёр Садон" и Благотворительный фонд "Быть Добру" стали партнёрами. "Горняки" будут принимать участие в благотворительных акциях Фонда.</p>', 0),
(9, 'Стало известно время начала следующего матча "горняков"', '<p><img src="http://cs616528.vk.me/v616528411/1758c/YK-rMACC1O4.jpg" alt="" width="400" height="247" /></p>\r\n<p>В очередном туре ЛЛФК футболистов "Шахтёра Садон" ждёт новое испытание - матч с одним из лидеров турнира. "Афганка" делит первое место с "Лидс-12". Наш соперник одержал четыре победы в четырёх матчах с общим счётом 14-5.</p>\r\n<p>Тренерский штаб ЛФК "Шахтёр Садон" уже определился с заявкой на очередной поединок. Она выглядит следующим образом:</p>\r\n<p><strong>Вратари:</strong> №1 Пухаев, №39 Хамикоев<br /><br /><strong>Защитиники:</strong> №2 Лолаев, №3 Засеев, №4 Албегов, №5 Асалиев, №19 Чехоев Ч., №21 Чехоев И., №85 Мозговой<br /><br /><strong>Полузащитники:</strong> №7 Болатаев, №8 Васин, №11 Магкеев, №22 Качмазов, №23 Джикаев, №34 Сошкин, №76 Чехоев С., №88 Васюков, №90 Осепов, №92 Худошин<br /><br /><strong>Нападающие:</strong> №9 Еналдиев, №13 Тедеев, №15 Хабалов, №17 Кучиев, №99 Короев&nbsp;</p>\r\n<p>&nbsp;</p>', 1, 1400191066, 1400191066, '<p>Матч 5-го тура ЛЛФК "Афганка" - "Шахтёр Садон" состоится 17 мая на стадионе "Юность" в 12:00.</p>', 0),
(10, 'ЛФК "Шахтёр Садон" уступил ЛФК "Афганка"', '<p><img src="http://cs616529.vk.me/v616529411/b464/Ta72gLV2Ls4.jpg" alt="" width="500" height="333" /></p>\r\n<p>В 5-м туре чемпионата Лиги любительских команд футболисты ЛФК &laquo;Шахтёр Садон&raquo; встречались с лидером &ndash; ЛФК &laquo;Афганка&raquo;. Поединок проходил на стадионе &laquo;Юность&raquo; в 12:00. В этот день во Владикавказе установилась по-настоящему летняя погода: столбик термометра подскочил до +29 градусов. Играть в такой зной было очень сложно. Темп игры был невысоким, а футболистам приходилось делать паузы для приёма воды.</p>\r\n<p>Перед этим матчем &laquo;горняки&raquo; столкнулись с серьёзными кадровыми проблемами. В поединке не смогли принять участие основные нападающие команды &ndash; Еналдиев и Короев. Так же отсутствовали Качмазов и Васин. Но самое главное, что матч пропускал голкипер Пухаев. В отсутствии основного стража ворот выйти на поле пришлось третьему вратарю команды Хамикоеву. Нехватка опыта игры на большом поле сразу сказалась на действиях юного голкипера. Уже к 10-й минуте встречи &laquo;горняки&raquo; пропустили два мяча. Сперва Дудаев&nbsp;здорово исполнил стандарт, пробив в угол ворот. А затем&nbsp;Цакоев&nbsp;отметился отличным дальним ударом. Тем не менее, эти выстрелы не должны были стать фатальными.</p>\r\n<p>После столь обескураживающего начала тренерскому штабу ЛФК &laquo;Шахтёр Садон&raquo; пришлось делать перестановки. Место в воротах занял Чехоев Сослан, а в центр поля вышел Джикаев Майрам.<br /><br />С новым голкипером футболисты &laquo;Шахтёра&raquo; заиграли увереннее и отодвинули игру от своих ворот. Впрочем, &laquo;Афганка&raquo; по-прежнему владела преимуществом, а у ворот Чехоева то и дело возникали опасные моменты. И в середине первого тайма соперник довёл счёт до крупного: провал на правом фланге обернулся острой контратакой &laquo;Афганки&raquo; и ударом с убойной позиции.</p>\r\n<p>При счёте 0:3 дебютанты ЛЛК встрепенулись. И надежду на камбэк &laquo;горнякам&raquo; подарил новобранец клуба Тедеев. Он выскочил один на один с голкипером &laquo;Афганки&raquo;, переиграл его и уже готовился бить в пустые ворота, но страж ворот соперника сбил нашего форварда. Арбитр указал на 11-метровую отметку, хотя нарушение представляло собой фол последней надежды, голкипер &laquo;Афганки&raquo; даже не удостоился горчичника! Тем не менее, Тедеев здорово исполнил 11-метровый удар, сократив разрыв в счёте.</p>\r\n<p>Но и на этом первая половина встречи не закончилась. В концовке тайма соперники обменялись результативными атаками. Сперва &laquo;Афганка&raquo; воспользовалась очередной ошибкой обороны &laquo;горняков&raquo;, а затем уже Худошин отметился своим первым мячом в сезоне. Вингер садонцев здорово пробил в дальний угол &ndash; 2:4!</p>\r\n<p>После перерыва игра немного успокоилась. Было заметно, что футболистам обеих команд любые рывки давались с огромным трудом. &laquo;Шахтёр Садон&raquo; и &laquo;Афганка&raquo; начали проводить замены, дабы хоть немного освежить игру.</p>\r\n<p>Второй тайм получился относительно равным. Футболисты &laquo;Шахтёра&raquo; не реализовали несколько опасных атак, но и Чехоеву приходилось трудиться, не покладая рук. А уже на последних минутах встречи точку в матче поставили футболисты &laquo;Афганки&raquo;. Удар с дальней дистанции получился идеально точным: мяч от штанги влетел в сетку &ndash; 2:5!</p>\r\n<p>Хоть &laquo;горняки&raquo; и проиграли, но продемонстрировали желание бороться до конца. А, учитывая тот факт, что соперниками дебютантов-садонцев был лидер чемпионата, счёт и вовсе можно назвать достойным. Перед матчем в конкурсе прогнозистов одним из самых популярных счётов на эту встречу был 0:7 в пользу соперника.</p>\r\n<p><strong>ЛФК &laquo;Афганка&raquo; - ЛФК &laquo;Шахтёр Садон&raquo; 5:2 (4:2)</strong></p>\r\n<p><strong>Голы:</strong> Тедеев (с пенальти), 27, Худошин, 35 - Дудаев 5, Цакоев 8, Дарчиев 18, Афашоков 30, Дарчиев 85<br /><br /></p>\r\n<p style="text-align: left;"><strong>Состав ЛФК "Шахтёр Садон"</strong></p>\r\n<p>№39 Хамикоев (гк) &gt;&lt; (№23 Джикаев) &gt;&lt; (№5 Асалиев)</p>\r\n<p>№2 Лолаев</p>\r\n<p>№3 Засеев &gt;&lt; (№19 Чехоев)</p>\r\n<p>№4 Албегов &gt;&lt; (№85 Мозговой)</p>\r\n<p>№34 Сошкин</p>\r\n<p>№11 Магкеев &gt;&lt; (№17 Кучиев)</p>\r\n<p>№88 Васюков &gt;&lt; (№97 Джигкаев)</p>\r\n<p>№92 Худошин &gt;&lt; (№90 Осепов)</p>\r\n<p>№7 Болатаев</p>\r\n<p>№13 Тедеев</p>\r\n<p>№76 Чехоев С. (к)<br /><br />Запасные:<br /><br />№21 Чехоев И.<br /><br />№15 Хабалов<br /><br /><br /><strong>Состав ЛФК "Афганка"</strong></p>\r\n<p>Масленников (гк)</p>\r\n<p>Абаев &gt;&lt; (Джимиев)</p>\r\n<p>Алборов &gt;&lt; (Агасиев)</p>\r\n<p>Бароев</p>\r\n<p>Дудаев &gt;&lt; (Коцоев)</p>\r\n<p>Цакоев</p>\r\n<p>Кокаев &gt;&lt; (Туриев)</p>\r\n<p>Уртаев</p>\r\n<p>Афашоков &gt;&lt; (Балоев)</p>\r\n<p>Камболов (к)</p>\r\n<p>Дарчиев</p>', 1, 1400329542, 1400337737, '<p>ЛФК "Шахтёр Садон" в 5-м туре ЛЛК уступил ЛФК "Афганка" со счётом 2:5. Голы в составе нашей команды забили Худошин и Тедеев.</p>', 0),
(11, 'Результаты 5-го тура и турнирная таблица ', '<p>Наверняка, вы заметили, что турнирная таблица на нашем сайте пока не обновляется. Тем не менее, в ближайшее время скрипт заработает. А пока турнирную таблицу после 5-го тура мы выкладываем в виде графического файла.</p>\r\n<p><img src="http://cs616418.vk.me/v616418411/c385/eoRHqlPEa8k.jpg" alt="" width="700" height="596" /></p>\r\n<p><strong>И результаты 5-го тура:</strong></p>\r\n<p>ЛФК &laquo;Шалдон&raquo; 1:2 ЛФК &laquo;Фавор&raquo;</p>\r\n<p>ЛФК &laquo;Шахтёр Садон&raquo; 2:5 ЛФК &laquo;Афганка&raquo;</p>\r\n<p>ЛФК &laquo;ПАО&raquo; 4:2 ЛФК &laquo;Фортуна&raquo;</p>\r\n<p>ЛФК &laquo;Иристон&raquo; 1:5 ЛФК &laquo;Феникс&raquo;</p>\r\n<p>ЛФК &laquo;Албарс&raquo; 7:1 ЛФК &laquo;Фиорентина&raquo;</p>\r\n<p>ЛФК &laquo;Джанрос&raquo; 2:3 ЛФК &laquo;РиК&raquo;</p>\r\n<p>ЛФК &laquo;БАМ&raquo; 4:2 ЛФК &laquo;Осетинка&raquo;</p>\r\n<p>ЛФК &laquo;Шалдон-Ч&raquo; 0:3 ЛФК &laquo;Алания&raquo; Моздок</p>\r\n<p>ЛФК &laquo;Электроцинк&raquo; 1:3 ЛФК &laquo;Лидс-12&raquo;</p>\r\n<p>&nbsp;</p>\r\n<p>Напомним, что в следующем туре ЛФК "Шахтёр Садон" сыграет с ЛФК "Шалдон Ч".</p>\r\n<p>&nbsp;</p>', 1, 1400443336, 1400443420, '<p>Турнирная таблица в виде графического файла, ЛФК "Шахтёр Садон" опустился на одну строчку.</p>', 0),
(12, 'Григорий Сошкин был назван лучшим игроком в матче с "Афганкой"', '<p><img src="../../assets/img/players/4ea943e731bd5234ba6785f56017be4d.jpg?1400355119" alt="" width="261" height="347" /></p>\r\n<p>Лучшим игроком матча с ЛФК "Афганка" признан Сошкин Григорий, за него проголосовали 40% посетителей.</p>\r\n<p>1) Григорий Сошкин - 40%</p>\r\n<p>2) Сослан Чехоев - 27%</p>\r\n<p>3) Хетаг Тедеев - 20%</p>\r\n<p>Отметим, что Сошкин впервые играл за нашу команду на позиции центрального защитника.</p>\r\n<p>&nbsp;</p>', 1, 1400505928, 1400505928, '<p>Посетители нашего сайта определили лучшего игрока последнего матча "горняков". Им стал Григорий Сошкин.</p>', 0),
(13, 'Болатаев уходит из клуба', '<p><img src="http://cs616923.vk.me/v616923385/b4af/FNfDZOo5qEU.jpg" alt="" width="648" height="432" /></p>\r\n<p><strong>ЛФК "Шахтёр Садон" покидает №7 Болатаев Артём... Он теперь игрок ЛФК "Джанрос"... Он сам попросил о трансфере, руководство клуба не стало оставлять игрока против его воли, и на доброй ноте клуб и игрок решили разойтись! Удачи ему в новом клубе!!!</strong></p>', 1, 1400614223, 1400614540, '<p>№7 Болатаев Артём переходит с ЛФК "Шахтёр Садон" в ЛФК "Джанрос"</p>', 0),
(14, '"Шахтёр Садон" начал подготовку к матчу с ЛФК "Шалдон-Ч"', '<p>Сегодня вечером команда провела тренировку в которой приняли участие практически все игроки...!&nbsp;<br /><br />сыграли двусторонний матч победу в котором одержали команда зелёных...<br /><br />Зелёные:<br />Тобоев<br />Чехоев С.<br />Чехоев Ч.<br />Сошкин<br />Еналдиев<br />Короев<br />Худошин<br />Васюков<br /><br />Белые:<br />Качмазов<br />Чехоев И.<br />Мозговой<br />Хабалов<br />Осепов<br />Тедеев<br />Васин<br />Кучиев<br /><br />После травмы Мозгового, Худошин перешёл в команду белых...<br /><br />Травму получил №85 Мозговой - выбыл на неопределённый срок...</p>', 1, 1400709186, 1400709186, '<p>Сегодня "горняки" провели тренировку, под конец которой состоялся двусторонний матч</p>', 0),
(15, 'Стало известно время начала матча с "Шалдон Ч"', '<p><img src="http://cs620718.vk.me/v620718411/6f94/yTOD7ArbC7c.jpg" alt="" width="500" height="333" /></p>\r\n<p>Следующим соперником ЛФК "Шахтёр Садон" будет ЛФК "Шалдон Ч". Матч 6-го тура Лиги Любительских Команд состоится в воскресенье, 25-го мая, в 14-00. Матч будет проходить в Алагире на стадионе "Спартак". Вход свободный. Приходите и поддержите команду.</p>', 1, 1400793890, 1400793890, '<p>Матч 6-го тура ЛЛК "Шахтёр Садон" - "Шалдон Ч" состоится 25-го мая в 14:00</p>', 0),
(16, '"Горняки" уступили "Шалдону Ч"', '<p><img src="../../assets/img/gallery/thumbnails/a40203c18d940e2a4f68fcdee630a254.JPG" alt="" width="400" height="300" /></p>\r\n<p>В 6-м туре ЛЛК футболисты садонского "Шахтёра" уступили "Шалдону Ч". "Горняки" открыли счёт, но не сумели удержать преимущество. Ошибки во втором тайме полностью поменяли ситуацию. Садонцы пытались спасти встречу, но так и не сумели дожать соперника, уступив с минимальной разницей.</p>\r\n<p><strong>ЛФК "Шахтёр Садон" - ЛФК "Шалдон Ч" 2:3 (1:0)</strong></p>\r\n<p><strong>Голы:</strong> Еналдиев М., 9, Чехоев С. 87.</p>\r\n<p><strong>Предупреждения:</strong> Лолаев Г., 43.</p>\r\n<p>&nbsp;</p>', 1, 1401039939, 1401039939, '<p>"Шахтёр Садон" - "Шалдон Ч" 2:3 (1:0)</p>\r\n<p>Голы: Еналдиев М., Чехоев С.</p>', 0),
(17, 'Что такое "не везёт" и как с этим бороться?', '<p>В 6-м туре ЛЛФК "горняки" принимали гостей ЛФК "Шалдон-Ч"<br /><br />После серии поражений садонцам отступать было некуда, и они перестроили схему в 4-4-2, и честно говоря отсутствие Болатаева на поле, пошло на пользу всей команде. "Горняки" отлично контролировали мяч, создавая красивейшие комбинации на поле. Но из-за ошибок в обороне все усилия атакующей линии свелись на "нет".<br /><br />Начало&nbsp;первого тайма "горняки" начали робко, сказывалось психолгическое давление после серии поражений. И первая опасная атака пришла с левого фланга защиты, но нападающий гостей не попал в створ. После этого гости провели ещё одну атаку точь в точь под копирку первой атаке, но нападающий опять пробил мимо ворот. После двух опасных моментов у своих ворот, "горняки" встрепенулись и провелий ряд опасных атак. В одной из них Еналдиев получив пас от Магкеева, разобрался с тремя игроками соперников и красивым обводящим ударом направил мяч в девятку ворот. 1:0&nbsp;<br /><br />После этого ряд атак "горняков" "шалдонцы" срывали тактическими фолами. Из которых "садонцы" не извлекли пользы. На перерыв команда так и отправились при счёте 1:0 в пользу ЛФК "Шахтёр Садон"</p>\r\n<p>Начало второго тайма "горняки" откровенно провалили сначала шалдонцы сравняли счёт 1:1 закинув мяч за спину защитников, а позже ошибкой одного из защитников нашей команды воспользовался игрок шалдонцев отправив мяч в сетку ворот во второй раз 1:2.&nbsp;<br /><br />После двух голов команда встрепенулась, и побежала отыгрываться, сначала после комбинации слевого фланга, после прострела Худошина, Еналдиев не смог перенаправить мяч в ворота. А после трехходовки Чехоев С, Тедеев, Еналдиев, он не смог попасть по пустым воротам. Затем у команды "Шалдон-Ч" удалили игрока за вторую жёлтую карточку. После чего пошёл штурм ворот шалдонцев, однако после очередной ошибки в защите, "горняки" пропустили третий мяч. 1:3<br /><br />Последние 20 минут игра проходила на половине поля шалдонцев, и капитан команды Чехоев С дальним выстрелом сократил отставание в счёте до одного гола 2:3. Сразу после гола, Чехоев С. пробивал головой после углового, однако вратарь соперников достал мяч из угла. В итоге матч так и завершился со счётом 2:3 в пользу "Шалдона-Ч". Но можно смело сказать что команда заслужила как минимум очко.&nbsp;<br /><br />Спасибо шалдонцам за мужскую игру!<br /><br />Состав команды:<br />№1 Пухаев (в)<br />№2 Лолаев<br />№3 Засеев<br />№34 Сошкин<br />№88 Васюков<br />№22 Качмазов<br />№76 Чехрев С (к)<br />№11 Магкеев &gt;&lt; (№19 Чехоев Ч)<br />№92 Худошин &gt;&lt; (№90 Осепов)<br />№13 Тедеев<br />№9 Еналдиев<br /><br />Запасные:<br />№39 Хамикоев<br />№21 Чехоев И.<br />№15 Хабалов<br />№17 Кучиев<br /><br />Голы забили: Еналдиев, Чехоев С.<br /><br />Жёлтые карточки: №2 Лолаев<br /><br />Оценка главному судье матча: 5</p>', 1, 1401051635, 1401289006, '<p>&nbsp;ЛФК "Шахтёр Садон" переиграл соперника по игре, но так и не сумел одержать первую победу...</p>', 0),
(18, 'Перерыв в ЛЛФК', '<p>В эти выходные в "ЛЛК" будет перерыв. Сыграют только те матчи которые были перенесены, а именно: "Шалдон"-"Алания", "Фиорентина"- "Фортуна"</p>', 1, 1401135663, 1401135663, '<p>Между 6-ым и 7-ым туром будет перерыв...</p>', 0),
(19, 'Чехоев С - лучший игрок матча с ЛФК "Шалдон-Ч"', '<p><img src="http://cs616923.vk.me/v616923385/b44c/uysnvwfNwFM.jpg" alt="" width="613" height="386" /></p>\r\n<p>По результатам голосования на официальном сайте команды, лучшим игроком матча с ЛФК "Шалдон-Ч" признан капитан команды №76 Чехоев С., второе место разделили сразу три игрока команды Сошкин, Худошин и Еналдиев!</p>', 1, 1401206855, 1401289082, '<p>Капитан команды №76 Чехоев С. признан лучшим игроком матча с ЛФК "Шалдон-Ч"</p>', 0),
(20, 'Пресс-служба ЛФК "Шахтёр Садон" взяла интервью у Мозгового Антона', '<p><strong><img src="http://cs617622.vk.me/v617622604/8dcc/2suKw5QonWs.jpg" alt="" width="500" height="333" /></strong></p>\r\n<p><strong>- Добрый день Антон! </strong><strong>В первую очередь, хотелось бы поинтересоваться состоянием вашего здоровья? А также подробностями травмы.</strong><br /><br />- Приветствую. Со здоровьем уже получше - в первые дни не мог наступать на ногу вообще, сейчас при опоре на пятку не испытываю болей, но передняя часть ступни до сих пор вызывает дискомфорт. Завтра будет повторное обследование, тогда станут известны подробности. Изначально диагностировали перелом плюсновой кости, но с нашими врачами нельзя быть уверенным ни в чём. Подробности - после подножки во время тренировки неудачно всей массой тела упал на боковую часть ступни, услышал хруст, тогда уже заподозрил неладное.<br /><br /><br /><strong>- В связи с травмой вы наблюдали матч с командой "Шалдон-Ч" с бровки. Какими наблюдениями по игре команды можете с нами поделиться? Что понравилось в игре команды, а что не очень? Кого из игроков команды хотели бы выделить?</strong><br /><br />- Сразу скажу, что этот матч был одним из лучших в сезоне. Как с точки зрения нашей игры, так и в контексте качества футбола "горняков". Понравилось командное взаимодействие, начинают просматриваться связи на поле. Не понравилась игра в защите. 80% голов мы пропускаем после забросов. Мне кажется, что в этой ситуации нам нужно либо играть ближе к воротам (защитникам), либо попробовать сыграть в либеро. Это уже вопрос к тренеру. Выделить - отмечу Сошкина, который здорово отрабатывал в обороне, и Чехоева. Хороший гол забил наш капитан, старался, молодцы.<br /><br /><strong>- Как вы считаете, что не хватает команде, чтоб наконец прервать неудачную серию?</strong><br /><br />- Везения, стремления, экспериментов. Стремление - во многих эпизодах мы не дорабатываем, это было видно с трибуны. Теряем мяч, назад не бежим. Нельзя так играть. Плюс играем менее жёстко, чем соперник, проигрываем единоборства. Эксперименты - это к разговору по стратегии игры с либеро. Бардак в защите у нас с начала сезона, надо что-то менять.<br /><br /><strong>- Судя по вашим рассуждениям, усиление команде требуется именно защите. Работает ли руководство в этом направлении, и стоит ли ждать какое-нибудь усиление в ближайшее время?</strong><br /><br />- Я не думаю, что дело именно в кадрах. У нас достаточно неплохая линия обороны по именам, все ребята с навыками и опытом. Нужно именно менять что-то системно, это моё мнение. Насколько я знаю, было стремление подписать ещё одного классного защитника, но переговоры вроде зашли в тупик. Пока информации нет<br /><br /><strong>- Следующим соперником "горняков" станет команда "Электроцинк", что ждете от этого матча?</strong><br /><br />- Только победы, насколько я знаю, у соперника много возрастных игроков. Ничуть не принижаю достоинство и силу соперника, но наш потенциал явно выше. Да и отступать нам некуда, пора побеждать. Даже ничья будет плохим результатом. И очень надеюсь, что смогу принять участие в матче<br /><br /><strong>- Ну, что же, пожелаем Вам скорейшего выздоровления, и победы в предстоящем матче. Спасибо!</strong><br />- Спасибо за приятную беседу. Удачи нам всем и здоровья</p>', 3, 1401288963, 1404422973, '<p>Защитник "горняков" Мозговой Антон: "В матче с "Электроцинком" устроит только победа"</p>', 0),
(21, 'ЛФК "Шахтёр Садон" отказался от услуг Албегова', '<p><img src="http://cs616418.vk.me/v616418411/c45a/r3Yo46xYWCM.jpg" alt="" width="634" height="405" /><br /><br />ЛФК "Шахтёр Садон" в одностороннем порядке разрывает сотрудничество с Албеговым Зауром... Желаем ему удачи и успехов в жизни!</p>', 1, 1401556582, 1401556625, '<p>Албегов Заур покинул команду...</p>', 0),
(22, 'ЛФК "Шахтёр Садон" поздравляет Сошкина Григория с Днём Рождения!', '<p>ЛФК "Шахтёр Садон" поздравляет с Днём Рождения Сошкина Григория! И желает ему счастья, здоровья и успехов на поле так и вне его пределов!&nbsp;<br /><br /><br />Хоть во фраке, хоть и в бутсах &ndash;<br />Выглядишь ты молодцом.<br />Пусть все боги повернутся<br />В этот день к тебе лицом,<br />Чтоб, вертясь в твоих ударах<br />Мяч в чужих воротах вис,<br />Чтоб победа &ndash; как подарок!<br />С днем рождения, футболист!<br /><br /><img src="http://cs616419.vk.me/v616419411/e9fc/LPlHmPnE00g.jpg" alt="" width="651" height="569" /></p>', 1, 1401825943, 1401825943, '<p>Сегодня День Рождения празднует 34-ый номер команды, один из лидеров Сошкин Григорий</p>', 0),
(23, 'ЛФК "Фавор" и ЛФК "Фортуна" снимаются с чемпионата', '<p>Официально! Команды ЛФК "Фавор" и ЛФК "Фортуна" снимаются с чемпионата ЛЛФК - сообщает официальная группа команд в Вконтакте.<br /><br />Руководство команд "Фортуна" и "Фавор" известило Лигу Любительских Футбольных Команд о том, что их команды не будут доигрывать оставшиеся матчи.<br /><br />"Наша молодая команда старалась показывать красивый футбол в каждом матче лиги, и будет продолжать показывать в том же духе. У нас все впереди! Мы прибавляли от матча к матчу, становились сильнее, бились до конца. Нас ничто и никто не сломит, никогда! Потому что мы сплоченный коллектив, одна семья!!! Спасибо всем, кто нас поддерживал на протяжении чемпионата!".<br /><br />Пресс-служба ЛЛФК</p>', 1, 1401954023, 1401954023, '<p>Соперники горняков снялись с чемпионата ЛЛФК!</p>', 0),
(24, 'Стало известно время начала матча с "Электроцинком"', '<p><img src="http://cs620719.vk.me/v620719411/b477/BJMZDjvi7eI.jpg" alt="" width="408" height="306" /></p>\r\n<p>В очередном туре чемпионата ЛЛК "Шахтёр Садон" встретится с "Электроцинком". Матч будет проходить в Алагире на стадионе "Спартак". Встреча начнётся в 14:00. "Горняки" будут рады всем любителям футбола.</p>\r\n<p>&nbsp;</p>', 1, 1402088986, 1402088986, '<p>В воскресенье стартует 7-й тур ЛЛК. Матч "Шахтёр Садон" - "Электроцинк" начнётся в 14:00</p>', 0),
(25, 'Заявка на матч с ЛФК "Электроцинк"', '<p><strong>Вратари:</strong> Пухаев, Хамикоев<br /><br /><strong>Защитники:</strong> Засеев, Лолаев, Васюков, Чехоев Ч., Чехоев И.<br /><br /><strong>Полузащитники:</strong> Сошкин, Магкеев, Чехоев С., Качмазов, Худошин, Осепов, Васин, Асалиев, Джикаев.<br /><br /><strong>Нападающие:</strong> Тедеев, Короев, Еналдиев, Кучиев, Хабалов.</p>', 1, 1402091420, 1402097722, '<p>21 человек попал в заявку на матч с ЛФК "Электроцинк"</p>', 0);
INSERT INTO `articles` (`id`, `title`, `full_text`, `category_id`, `created_at`, `updated_at`, `preview`, `vk_comments_count`) VALUES
(26, '«Шахтёр Садон» уступил "Электроцинку" со счётом 3-4', '<p><img src="http://cs616419.vk.me/v616419604/102b0/6gDm5byAuaA.jpg" alt="" width="600" height="400" /></p>\r\n<p style="text-align: justify;">В 7-м туре чемпионата ЛЛК соперником футболистов садонского &laquo;Шахтёра&raquo; был ЛФК &laquo;Электроцинк&raquo;. Перед этой встречей &laquo;горняки&raquo; плотно завязли в подвалах турнирной таблицы, а в их активе было лишь одно очко, которое они набрали ещё в первом туре. Однако футболисты &laquo;Шахтёра&raquo; собирались дать бой фавориту: в последних матчах &laquo;горняки&raquo; явно прибавили, что наводило на оптимистичный лад.</p>\r\n<p style="text-align: justify;">Перед самым началом матча стало известно, что принять участие в нём не сможет Владимир Пухаев. В итоге пост номер один был отдан Юрию Качмазову, который в последний раз стоял в воротах ещё в первом туре. Так же поединок пропускал травмированный Антон Мозговой и Владислав Хабалов.</p>\r\n<p style="text-align: justify;">Начало встречи получилось кошмарным для &laquo;горняков&raquo;. В первой же атаке соперник открыл счёт, воспользовавшись провалом на левом фланге. И если первую волну атаки удалось отбить стараниями Качмазова, то с повторной попытки &laquo;электроцинковцы&raquo; послали мяч в сетку ворот &ndash; 0:1.</p>\r\n<p style="text-align: justify;">Впрочем, &laquo;горняки&raquo; тут же сумели найти в себе силы, чтобы перевести игру на чужую половину поля. И уже на 6-й минуте футболисты &laquo;Шахтёра&raquo; сравняли счёт. К атаке своевременно подключился Заур Засеев, который умудрился прорваться сквозь оборонительные порядки &laquo;электроцинковцев&raquo; и хладнокровно переиграл голкипера &ndash; 1:1.</p>\r\n<p style="text-align: justify;">Шаткое равновесие сохранилось до второго тайма. До перерыва команды создали немало опасных моментов у чужих ворот, но каждый раз соперникам не хватало точности. То мяч после удара Дмитрия Васюкова пролетел рядом с дальней девяткой, то дальний удар футболистов &laquo;Электроцинка&raquo; едва не снял паутину с верхнего угла ворот Качмазова.</p>\r\n<p style="text-align: justify;">Болельщикам не приходилось скучать. А после перерыва они увидели и целый град голов. Правда, в этом компоненте чуть больше преуспели футболисты &laquo;Электроцинка&raquo;. &laquo;Горняки&raquo; первые минуты второго тайма проводили крайне невразумительно. Соперник тут же прижал &laquo;Шахтёр&raquo; к его воротам. Качмазову приходилось трудиться, не покладая рук. Но садонцы так и не выстояли. На 52-й минуте Аслан Магкеев потерял мяч на своей половине поля, сработал прессинг двух игроков соперника. Свисток судьи промолчал, а далее уже &laquo;Электроцинк&raquo; использовал численное преимущество &ndash; 1:2.</p>\r\n<p style="text-align: justify;">Всего через несколько минут мяч вновь побывал в сетке ворот &laquo;Шахтёра&raquo;. На этот раз &laquo;горняки&raquo; не уследили за соперником во время розыгрыша углового. Последовала передача на ближнюю штангу, а один из футболистов &laquo;Электроцинка&raquo; мастерски подрезал мяч в ворота &ndash; 1:3!</p>\r\n<p style="text-align: justify;">Но и на этом неприятности &laquo;горняков&raquo; не закончились. На 60-й минуте футболисты &laquo;Электроцинка&raquo; провели образцовую контратаку, Качмазов бросился на перехват, но мяч прокатился под ним. В оборону успел вернуться Чермен Чехоев, но он так и не сумел выбить мяч с линии ворот, став автором автогола &ndash; 1:4.</p>\r\n<p style="text-align: justify;">К тому моменту тренерский штаб &laquo;Шахтёра&raquo; уже провёл первые замены. На поле появились Игорь Васин, Сослан Короев и Маирам Джикаев. И после этого &laquo;горняки&raquo; всей командой пошли в атаку. На исторический камбэк у них было ещё около 25 минут. И футболисты &laquo;Шахтёра&raquo; едва не сотворили чудо. На 75-й минуте Игорь Васин здорово сориентировался в чужой штрафной, опередил голкипера и поразил уже пустые ворота. А на 83-й минуте футболисты &laquo;Электроцинка&raquo; ошиблись при выполнении искусственного офсайда, а Аслан Магкеев уверенно реализовал выход один на один. Но на большее футболистов &laquo;Шахтёра&raquo; так и не хватило. Финальный штурм был эмоциональным и впечатляющим, но соперник выстоял.</p>\r\n<p style="text-align: justify;">&laquo;Шахтёр Садон&raquo; потерпел шестое поражение подряд. Тем не менее, &laquo;горняки&raquo; ещё могут спасти неудачно складывающийся сезон. Время для исправления ошибок ещё есть, хоть и такая серия вызывает определённое беспокойство.</p>\r\n<p style="text-align: justify;"><strong>Протокол игры:</strong></p>\r\n<p style="text-align: justify;"><strong>ЛФК "Шахтёр Садон" 3:4 ЛФК "Электроцинк"</strong><br /><br /><strong>Голы забили:</strong> №3 Засеев, №8 Васин, №11 Магкеев<br /><br /><strong>Жёлтая карточка:</strong><br />№76 Чехоев С.</p>\r\n<p style="text-align: justify;"><br /><strong>Состав команды:</strong><br />№22 Качмазов (в)<br />№2 Лолаев<br />№34 Сошкин<br />№3 Засеев<br />№19 Чехоев Ч<br />№92 Худошин &gt;&lt; (№23 Джикаев)<br />№76 Чехоев С.<br />№11 Магкеев<br />№88 Васюков &gt;&lt; (№8 Васин)<br />№13 Тедеев &gt;&lt; (№99 Короев)<br />№9 Еналдиев<br /><br /><strong>Запасные:</strong><br /><br />№39 Хамикоев<br />№5 Асалиев<br />№90 Осепов<br />№21 Чехоев И.<br />№17 Кучиев<br /><br /></p>\r\n<p style="text-align: justify;"><a href="http://vk.com/album-53220872_196315451" target="_blank">Все фотографии с матча</a></p>', 1, 1402246697, 1402246697, '<p>&laquo;Шахтёр Садон&raquo; потерпел шестое поражение подряд. На этот раз сильнее "горняков" оказался "Электроцинк"</p>', 0),
(27, 'Сослан Чехоев: "Проблемы с психологией и мотивацией мешают нам"', '<p>В 7-м туре ЛЛК "Шахтёр Садон" уступил "Электроцинку" со счётом 3-4. Это поражение стало уже шестым подряд. "Горняки" вновь пропустили несколько мячей в течение десяти минут. И мы решили побеседовать с капитаном команды, Сосланом Чехоевым. Он рассказал сайту клуба о причинах последних неудачи и ожиданиями от второй половины сезона.</p>\r\n<p><img src="http://cs618316.vk.me/v618316411/44d6/TqmIC4l2XUk.jpg" alt="" width="579" height="386" /></p>\r\n<p>&nbsp;</p>\r\n<p><strong>- Сослан, как же так? Что не получилось сегодня?</strong>&nbsp;</p>\r\n<p>Я сам задаюсь таким вопросом, как же так?! Не хватило концентрации! пропущенные голы в начале каждого из таймов, сыграли с нами плохую шутку... Заметно, что пребывание внизу турнирной таблицы негативно влияет на команду, &nbsp; &nbsp; &nbsp; &nbsp; &nbsp;&nbsp;</p>\r\n<p><strong>- Команда впервые забила три мяча. Есть ли повод для оптимизма?</strong>&nbsp;</p>\r\n<p>Игра в атаке у нас получается более менее, Заметен прогресс, но детские ошибки в защите сводят на "нет" все усилия атакующей линии. &nbsp; &nbsp; &nbsp; &nbsp; &nbsp; &nbsp; &nbsp; &nbsp; &nbsp;&nbsp;</p>\r\n<p><strong>- Кого можно выделить по сегодняшнему матчу?</strong></p>\r\n<p>Команда проиграла! Мы все плохо сыграли! &nbsp; &nbsp; &nbsp; &nbsp; &nbsp; &nbsp; &nbsp;</p>\r\n<p><strong>- В очередной раз &laquo;горняки&raquo; пропускают сразу несколько голов в течение 10-15 минут. В чём проблема?</strong></p>\r\n<p>Психологическое давление, тактические ошибки, и нелепые обводки возле своей штрафной площади...! Мы не действуем как единый механизм, в этом наша проблема! И у многих проблемы с мотивацией! &nbsp; &nbsp; &nbsp; &nbsp; &nbsp; &nbsp;&nbsp;</p>\r\n<p><strong>- Сегодня возник мини-конфликт на скамейке запасных. Удалось ли его разрешить?</strong></p>\r\n<p>Не было никакого конфликта! Всё хорошо! &nbsp; &nbsp; &nbsp; &nbsp; &nbsp; &nbsp; &nbsp; &nbsp;&nbsp;</p>\r\n<p><strong>- Появились слухи, что у команды может появиться новый тренер из числа игроков. Соответствуют ли они действительности?</strong></p>\r\n<p>Нет</p>\r\n<p><strong>- Васин, Магкеев и Засеев забили свои первые мячи за команду. Можно ли сказать, что они начали оправдывать доверие?</strong></p>\r\n<p>Оправдывать надежду все игроки начнут лишь тогда, когда мы будем праздновать победы... А так с почином ребят, надеюсь они на этом не остановятся) &nbsp; &nbsp; &nbsp; &nbsp; &nbsp; &nbsp; &nbsp; &nbsp; &nbsp; &nbsp; &nbsp; &nbsp; &nbsp; &nbsp; &nbsp;</p>\r\n<p><strong>- Изменится ли стратегия команды на дальнейшие матчи?</strong></p>\r\n<p>У команды за 7-туров нет ни одной победы, однозначно нужно что-то менять! &nbsp; &nbsp; &nbsp; &nbsp; &nbsp; &nbsp; &nbsp; &nbsp; &nbsp; &nbsp;</p>\r\n<p><strong>- И последний вопрос &ndash; на какое место по итогам сезона нацеливается команда с учётом неудачного старта?</strong>&nbsp;</p>\r\n<p>Ну, нужно быть реалистом, будет тяжело выкарабкаться, однако я верю, что мы закончим чемпионат на 11 месте, как минимум!&nbsp; &nbsp; &nbsp; &nbsp; &nbsp; &nbsp; &nbsp; &nbsp; &nbsp;</p>', 3, 1402286664, 1404422535, '<p>После матча 7-го тура ЛЛК Сослан Чехоев дал интервью сайту клуба</p>', 0),
(28, 'Сошкин лучший игрок матча с ЛФК "Электроцинк"', '<p><img src="http://cs616419.vk.me/v616419604/100ee/OQdIArBFJ2k.jpg" alt="" width="560" height="373" /><br /><br />Лучшим игроком матча с ЛФК "Электроцинк" по версии посетителей сайта признан Сошкин Григорий, второе место поделили между собой автор гола Засеев, и капитан команд Чехоев Сослан...</p>', 1, 1402521991, 1402521991, '<p>По версии посетителей сайта Сошкин стал лучшим в матче с ЛФК "Электроцинк"</p>', 0),
(29, 'Стало известно время начала матча с ЛФК "БАМ"', '<p><img src="http://cs620719.vk.me/v620719411/c836/sPnU-433TYE.jpg" alt="" width="625" height="418" /><br /><br />В очередном туре чемпионата ЛЛК "Шахтёр Садон" встретится с ЛФК "БАМ". Матч будет проходить в Алагире на стадионе "Спартак". Встреча начнётся в 16:00. "Горняки" будут рады всем любителям футбола.</p>', 1, 1402668890, 1402670957, '<p>В воскресенье стартует 8-й тур ЛЛК. Матч "Шахтёр Садон" - "БАМ" начнётся в 16:00</p>', 0),
(30, 'Сокрушительное поражение от ЛФК "БАМ"', '<p><strong>ЛФК "Шахтёр Садон"</strong> 1:8 ЛФК "БАМ"<br /><br />15 июня 16:00 ст.Спартак г.Алагир<br /><br /><strong>Гол забил:</strong> №92 Худошин<br /><br /><strong>Состав команды:<br /><br /><br /></strong>№1 Пухаев (в)<br />№76 Чехоев С. (к) &gt;&lt; (№8 Васин)<br />№34 Сошкин<br />№19 Чехоев Ч. &gt;&lt; (№21 Чехоев И.) &gt;&lt; (№17 Кучиев)<br />№22 Качмазов &gt;&lt; (№2 Лолаев)<br />№88 Васюков &gt;&lt; (№23 Джикаев)<br />№3 Засеев &gt;&lt; (№39 Хамикоев)<br />№11 Магкеев<br />№13 Тедеев<br />№92 Худошин<br />№9 Еналдиев &gt;&lt; (№15 Хабалов)<br /><br /><strong>Жёлтые карточки: </strong>№19<strong>&nbsp;</strong>Чехоев Ч.<br /><br /><strong>Оценка главного судьи матча: </strong>2<br /><br /><br /></p>', 1, 1402868651, 1402868651, '<p>"горняки" потерпели самое крупное поражение от лидеров таблицы ЛФК "БАМ" 1:8</p>', 0),
(31, 'День Рождение!', '<p><img src="http://cs409228.vk.me/v409228966/230e/YMLBDgF2Odo.jpg" alt="" width="639" height="1021" /><br /><br />Все кричат тебе с трибуны:&nbsp;<br />Забивай в ворота, гол!&nbsp;<br />Ты на поле &ndash; самый лучший,&nbsp;<br />С детства жизни смысл &ndash; футбол!&nbsp;<br />Пусть в твой праздник, День Рожденья,&nbsp;<br />Будет все без промедления,&nbsp;<br />И здоровье, и успех, будь всегда и лучше всех!&nbsp;<br />Чтоб легендой века стал, высший класс всем показал!</p>', 1, 1403039245, 1403039245, '<p>ЛФК "Шахтёр Садон" поздравляет с Днём Рождения генерального директора и защитника команды Мозгового Антона.&nbsp;</p>', 0),
(32, 'Стало известно время начала матча с ЛФК "Осетинка"', '<p style="text-align: left;"><img src="http://cs620719.vk.me/v620719411/d87c/YGcUMk28ry8.jpg" alt="" width="600" height="450" /><br /><br />В очередном туре чемпионата ЛЛК "Шахтёр Садон" встретится с ЛФК "Осетинка". Матч будет проходить в Алагире на стадионе "Спартак". Встреча начнётся в 17:00.</p>', 1, 1403298454, 1403298454, '<p>В воскресенье стартует 9-й тур ЛЛК. Матч "Шахтёр Садон" - "Осетинка" начнётся в 17:00</p>', 0),
(33, 'Сергей Даду призвал "горняков" собраться и одержать первую победу...', '<p><img src="http://cs620719.vk.me/v620719411/d785/17BlquITlds.jpg" alt="" width="318" height="565" /><img src="http://cs620719.vk.me/v620719411/d78f/jt7uUKEShIs.jpg" alt="" width="318" height="565" /><br /><br />Бывший игрок "Алании" и любимец болельщиков Осетии на своей страничке в фейсбуке поддержал ЛФК "Шахтёр Садон"</p>', 1, 1403298753, 1404526005, '<p>Бывший игрок "Алании" и любимец болельщиков Осетии на своей страничке в фейсбуке поддержал ЛФК "Шахтёр Садон"</p>', 1),
(34, 'Первая победа "Горняков"', '<p><img src="http://cs620719.vk.me/v620719411/dcda/DmP3gSRl5tY.jpg" alt="" width="600" height="450" /><br /><br />22 июня в г.Алагир произошло действительно историческое событие ЛФК &laquo;Шахтёр Садон&raquo; одержал первую победу в своей новой истории. На матч тренер команды хозяев, поменял тактику сыграв в 4-2-1-2-1. Создав крепкий кулак в центре поля, состоявший из Чехоев С, Засеева и Магкеева. Которые справились со своей задачей на твёрдую 4-ку. Перейдём к игре.<br /><br />Начало матча команды начали резво. И уже минуте на 3-й гости повели в счёте, после удара из-за пределов штрафной мяч угодил в Магкеева и по красивейшей траектории залетел в ворота. 0:1&nbsp;<br /><br />Не падая духом &laquo;горняки&raquo; собрались и провели несколько неплохих атак.<br /><br />После подачи со штрафного Худошин казалось бил головой с метра наверняка, но мяч прошёл рядом со штангой. Множество дальних ударов, не давали отдыхать вратарю соперников. В одном из моментов садонцы не успели вернуться, и нападающий соперников вышел один на один с вратарём, Пухаев выручил.&nbsp;<br /><br />В одной из атак Еналдиев, закидывал мяч на ход Худошина, защитник &laquo;Осетинки&raquo; прервал заброс рукой, но судья наградил его лишь жёлтой карточкой. После заброса на ход Еналдиеву, тот выбежал один на один, но пробил прям во вратаря! Первый тайм так и завершился со счётом 0:1 в пользу гостей.<br /><br />На второй тайм изменений в составе не произошло. И &laquo;горняки&raquo; сломали неприятную для себя тенденцию пропускать гол в начале второго тайма. Спустя 10-15 минут со старта второго тайма, Еналдиев прекрасно разобрался с обороной соперника и отдал пас на Худошина, который послал мяч в сетку ворот 1:1.<br /><br />После гола садонцы успокоились, за что спустя 10 минут получили мяч в сетку своих ворот. После углового мяч в сетку ворот срезал капитан команды, Чехоев С. 1:2<br /><br />До конца матча оставалось минут 6 когда всё тот же Еналдиев разобрался в штрафной площадке соперника, обыграл защитника и пробил по воротам. Вратарь не выручил. 2:2<br /><br />Почувствовать запах крови, садонцы шли вперёд и после прекрасного прохода Засеева по левому флангу, он прострелил в штрафную, защитник соперника перехватил мяч, но выбивая угодил в ногу Еналдиеву и отскочил в ворота 3:2.&nbsp;<br /><br />Сразу же после этого гости могли отыграться, но после удара с метра, Пухаев выручил. После чего стало ясно, &laquo;горняки&raquo; не упустят свою победу. Дважды проигрывав после автоголов, они проявили характер и вырвали волевую победу!&nbsp;<br /><br />Спасибо ЛФК &laquo;Осетинке&raquo; за мужскую игру!!!<br /><br />ЛФК "Шахтёр Садон" 3:2 ЛФК "Осетинка"<br /><br />Голы забили: № 92 Худошин, №9 Еналдиев, №9 Еналдиев - №11 Магкеев (а.г.) №76 Чехоев С (а.г.)<br /><br />Состав команды:<br /><br />№1 Пухаев (в)<br />№2 Лолаев<br />№34 Сошкин<br />№19 Чехоев Ч.<br />№88 Васюков<br />№3 Засеев<br />№76 Чехоев С. (к)<br />№11 Магкеев<br />№92 Худошин &gt;&lt; (№8 Васин)<br />№13 Тедеев &gt;&lt; (№22 Качмазов)<br />№9 Еналдиев<br /><br />Запасные:<br />№21 Чехоев И.<br />№85 Мозговой<br />№23 Джикаев<br />№90 Осепов<br />№17 Кучиев<br /><br />Желтые карточки: №3 Засеев<br /><br />Оценка главного судьи матча: 4</p>', 1, 1403463643, 1403463643, '<p>В 9-м туре чемпионата ЛЛФК, &laquo;горняки&raquo; принимали гостей с города Владикавказ ЛФК &laquo;Осетинка&raquo;, и одержали первую победу, к тому же она получилась волевой, проигрывая дважды в счёте &laquo;горняки&raquo; вырвали победу.</p>', 0),
(35, 'Судейские ошибки и игра в меньшинстве не помешало «горнякам» одержать волевую победу над ЛФК «ПАО».', '<p>После выигранной встречи над ЛФК &laquo;Осетинка&raquo; в матче с &laquo;ПАО&raquo; от &laquo;горняков&raquo; все ждали только победы, матч получился очень жаркий по накалу, и с кучей судейских ошибок. <br /> <br /> В связи с отсутствием до конца чемпионата Засеева, нужно было кем-то заменить его в центре полузащиты, выбор пал на Качмазова который не подвёл. Схема была такой же как и в прошлом матче с ЛФК &laquo;Осетинка&raquo; 4-1-2-2-1. Перейдём непосредственно к матчу. <br /> <br /> Матч начался с получасовой задержкой. И в эту дождливую погоду команды показали жаркий футбол. <br /> <br /> В начале матча уже по неприятной для себя традиции &laquo;горняков&raquo; пропустили гол в свои ворота, нападающий &laquo;ПАО&raquo; сместился справого фланга в центр и пробил в ближний угол ворот. Мяч оказался в сетке ворот. 0:1. <br /> <br /> И тут понеслась игра в главной роли которой к сожалению выступили главный судья матча. Ошибаясь раз за разом, игроки начали играть достаточно грубо и грязно. &laquo;Горняки&raquo; безуспешно пытались атаковать ворота соперников практически на протяжении всего первого тайма.<br /> <br /> Под конец первого тайма после навеса Лолаева, защитник команды &laquo;ПАО&raquo; прервал навес рукой, и судья указал на точку. Пенальти бить вызвался капитан команды Чехоев С, который уверенно переиграл вратаря, отправив его в правый от себя угол, и покатив мяч в левую сторону ворот. 1:1<br /> <br /> Первый тайм так и завершился вничью. 1:1.<br /> <br /> В начале второго тайма &laquo;горняки&raquo; сразу же начали атаковать ворота соперников. И вот в середине первого тайма случился эпизод который ещё долго можно обсуждать. После фола на Худошине судья назначает штрафной удар. К мячу подходит Чехоев С, который не просит судью отодвигать стенку на 9 метров, судья не показав бьющему что удар должен исполняться по свистку начинает отодвигать стенку, после чего Чехоев С., наносит удар и мяч оказывается в воротах. Казалось бы 100% гол, но судья почему то решил его не засчитывать что привело к жарким спорам, в ходе которого желтые карточки получили №9 Еналдиев и №11 Магкеев, тут уже нервы не выдержали у №76 Чехоев С, который вырвал карточку из рук у рефери, за что был удалён с поля. Счёт матча остался прежним. 1:1.<br /> <br /> &nbsp;Оставшись вдесятером,&nbsp; горняки усилиями Еналдиева вышли вперёд, он классно обыграл защитника и пробил впритирку со штангой без шансов для вратаря. 2:1 <br /> <br /> Тут же на первую роль во встречи опять решил выйти судья, после фола нашего игрока &laquo;ПАО&raquo; решили быстро разыграть мяч и просто пнули в Еналдиева, который не делал движения к мячу он ринулся в контратаку перехватив мяч, защитник &laquo;ПАО&raquo; бросился в подкат и девятка &laquo;горняков&raquo; (Еналдиев прим.Авт.) случайно наступил на него, после чего тоже был удалён с поля. <br /> <br /> После этого эпизода на поле горняков осталось опять 10 игроков, судья этого не заметив продолжил игру. После того как вратарь &laquo;ПАО&raquo; подсчитал игроков судья вывел одного из игроков &laquo;Шахтёра&raquo;. Матч продолжился.<br /> <br /> &nbsp;И тут опять на первую роль выходит судья, после удара локтём в лицо рассечение получает Васюков, однако судья увидел фол со стороны 88 номера &laquo;горняков&raquo;. И назначил штрафной в сторону ворот &laquo;горняков&raquo; после которого мяч оказался в воротах садонцев. После удара со штрафного Пухаев не сумел зафиксировать мяч, и игрок &laquo;ПАО&raquo; добил мяч в ворота. 2:2. Однако и этого судье оказалось мало за неспортивное поведение он удаляет третьего игрока нашей команды Чехоева Ч., после чего произошла небольшая потасовка, но всё благополучно решилось и матч продолжился. <br /> <br /> Казалось бы играем ввосьмером, запритись в своей штрафной и играйте на отбой. Однако &laquo;горняки&raquo; сумели убежать в контратаку и после прохода Васина, защитник &laquo;ПАО&raquo; сыграл рукой и судья показал на точку. К мячу подошёл Магкеев и уверено забил его, пробив впритирку со штангой. 3:2.<br /> <br /> После этого произошли ещё пару спорных ситуаций в которых судья мягко говоря принимал странные решения. Сыграв 6 дополнительных минут и отстояв свои ворота, &laquo;горняки&raquo; одерживают волевую победу со счётом 3:2. <br /> <br /> Благодарим команду &laquo;ПАО&raquo; за игру. <br /> <br /> ЛФК &laquo;Шахтёр Садон&raquo; 3:2 ЛФК &laquo;ПАО&raquo;<br /> <br /> Голы забили: №76 Чехоев С(п), №9 Еналдиев, №11Магкеев (п).<br /> <br /> Жёлтые карточки: №9 Еналдиев, №11 Магкеев.<br /> <br /> Красные карточки: №76 Чехоев С., №9 Еналдиев, №19 Чехоев Ч.,<br /> <br /> Состав команды:<br /> №1 Пухаев (в)<br /> №2 Лолаев<br /> №19 Чехоев Ч.<br /> №34 Сошкин<br /> №88 Васюков<br /> №76 Чехоев С. (к)<br /> №11 Магкеев &gt;&lt; (№21 Чехоев И.)<br /> №22 Качмазов &gt;&lt; (№90 Осепов)<br /> №92 Худошин &gt;&lt; (№23 Джикаев)<br /> №13 Тедеев &gt;&lt; (№8 Васин)<br /> №9 Еналдиев<br /> <br /> Запасные:<br /> №17 Кучиев<br /> <br /> Оценка главного судьи матча: 0</p>', 1, 1404082198, 1404323765, '<p>В матче 10-го тура чемпионата ЛЛФК, дебютант чемпионата ЛФК &laquo;Шахтёр Садон&raquo; принимал команду ЛФК &laquo;ПАО&raquo;, и одержал волевую победу со счётом 3:2.<br /> <!-- [if !supportLineBreakNewLine]--><br /> <!--[endif]--></p>', 3),
(36, 'Руководство клуба', '<p>Статья "Руководство клуба"</p>', 5, 1404219213, 1404219213, '', 0),
(37, 'История', '<p>В 60-х годах прошлого века Садонский &laquo;Шахтёр&raquo; выигрывал чемпионат республики, а стадион в п.Галон являлся гордостью всего Алагирского района.<br /><br />После наводнения в посёлках Садон и Галон, команда исчезла, а стадион пришёл в негодность. Новую страницу в истории команды открыл Чехоев Сослан, возродивший команду 21 марта 2013года.&nbsp;<br /><br />За 2013г. команда участвовала в мини-футбольных турнирах трижды доходя до стадии полуфинальных матчей. В апреле 2014г дебютировала в чемпионата ЛЛФК.</p>', 5, 1404219235, 1404515978, '', 0),
(38, 'Спонсоры и партнёры', '<p><em><strong><span style="color: #008000;">Спонсоры:<br /><br /><img src="http://cs608619.vk.me/v608619604/697d/mOYdUTtO1Eg.jpg" alt="" width="300" height="236" /><br /></span></strong></em></p>\r\n<p>С апреля 2014 года ООО "Академия системного анализа" является&nbsp;спонсором ЛФК "Шахтёр Садон". Руководство компании взяло на себя обязательства по финансированию футбольного клуба. Логотип "Академии системного анализа" размещён на игровой форме футбольного клуба.</p>\r\n<p>Более подробно узнать о компании "Академия системного анализа" можно на официальном сайте - <a href="http://www.asa.guru">www.asa.guru</a>&nbsp;или на сайте подразделения компании - <a href="http://www.labst15.ru">www.labst15.ru</a>&nbsp;(ОАО "Лаборатория современных технологий"<strong><a href="http://www.labst15.ru"><br /><br /></a><span style="color: #008000;"><em><a href="http://www.labst15.ru"><span style="color: #008000;">П</span></a>артнёры:<br /><br /><img src="http://dobro15.com/wp-content/uploads/2014/06/logo_byt_dobru81.png" alt="" width="500" height="82" /><br /><br /></em></span></strong><span style="color: #008000;"><span style="color: #000000;">Уже больше года общественный благотворительный фонд &laquo;Быть Добру&raquo; оказывает поддержку жителям Северной Осетии. Создатели фонда &mdash; это молодые люди, избравшие для себя не простой, но благородный путь. Фонд сотрудничает с министерством здравоохранения Северной Осетии, Русфондом, Общественной Организацией &laquo;Иры Фидан&raquo; и планирует расширять партнерские отношения с клиниками и другими благотворительными организациями России.</span></span></p>\r\n<p><span style="color: #008000;"><span style="color: #000000;">Сайт -&nbsp;<a href="http://dobro15.com">http://dobro15.com<br /><br /></a></span></span><strong><span style="color: #008000;"><em><img src="http://rlhl.org/upload/alania-logo2.jpg" alt="" width="114" height="125" /><br /></em></span></strong></p>\r\n<p>&nbsp;</p>\r\n<p>Хоккейный клуб "Алания" был официально создан в 2011 году. Домашние игры команда проводила на Ледовой арене г. Владикаказ. На ней было сыграно уже 10 официальных матчей, и во всех 10 одержаны победы. При этом соперниками были команды из Астрахани, Волгограда, Ставрополя, Таганрога, Пятигорска и др. В апреле 2012 года команда поехала на свой первый турнир, причем сразу международный - "Leningrad-Cup". На нем была одержана первая победа в серьезном турнире. В сезоне 2012-2013 "Алания"&nbsp; провела с свои игры с командами НХЛ-Московская область.<br /><br />Сайт:&nbsp;<a href="https://www.facebook.com/hcalania" target="_blank">https://www.facebook.com/hcalania</a></p>', 5, 1404219262, 1409721134, '', 0),
(39, 'Стадион', '<p>Свои домашние матчи ЛФК "Шахтёр Садон" проводит в РСО-Алания, г. Алагир на стадионе "Спартак". ул. Хетагурова. Добраться до стадиона можно на машине или на общественном транспорте из города Владикавказ.&nbsp;</p>\r\n<p><strong>Стадион "Спартак"</strong></p>\r\n<p>РСО-Алания. Г. Алагир</p>\r\n<p>Вместимость: 1000 человек</p>\r\n<p>Покрытие: Синтетика</p>\r\n<p><img src="http://cs618316.vk.me/v618316411/46a4/_Qh656NIGks.jpg" alt="" width="500" height="375" /> <img src="http://cs618316.vk.me/v618316411/46c8/2GViIk56IyA.jpg" alt="" width="500" height="375" /></p>\r\n<p>&nbsp;</p>\r\n<script src="//api-maps.yandex.ru/services/constructor/1.0/js/?sid=5rOJUVwIFbmtdRC83LWRdoAp4sQYGQWa&amp;width=600&amp;height=450" charset="utf-8"></script>', 5, 1404219286, 1404522883, '', 0),
(40, 'Чермена Чехоева поздравляем с Днём рождения', '<p>Сегодня защитник ЛФК "Шахтёр Садон" Чермен Чехоев празднует день рождения. Коллектив команды поздравляет Чермена с этим праздником!</p>\r\n<p>Нашему футболисту в этот день мы желаем достижения всех целей, здоровья, счастья и благополучия. Также мы надеемся, что Чермен Чехоев будет играть за "Шахтёр" ещё долгие годы и принесёт команде огромную пользу!</p>\r\n<p><strong>С днём рождения, Чермен! Счастья, успехов!</strong></p>\r\n<p><img src="../../../assets/img/players/8de6ac726123b4fe846ecc2fd41599ee.jpg?1404242822" alt="" width="350" height="466" /></p>', 1, 1404383965, 1404906835, '<p>Сегодня защитник ЛФК "Шахтёр Садон" Чермен Чехоев празднует день рождения. Коллектив команды поздравляет Чермена с этим праздником!</p>', 5),
(41, 'Техническая победа ЛФК "Шахтёр Садон"', '<p>В матче 11-го тура чемпионата ЛЛФК, ЛФК "Шахтёр Садон" должен были принимать гостей из Владикавказа, &nbsp;ЛФК "Фортуна". Но, как уже известно, команда отказалась от участия в чемпионате, и таким образом техническая победа присуждена ЛФК "Шахтёр Садон" со счётом 3:0.</p>', 1, 1404418646, 1404438730, '<p>В связи с тем что ЛФК "Фортуна" снялась с чемпионата ЛЛФК, ей присуждено техническое поражение со счётом 3:0. Таким образом, это - 3-я победа к ряду для горняков.</p>', 0);
INSERT INTO `articles` (`id`, `title`, `full_text`, `category_id`, `created_at`, `updated_at`, `preview`, `vk_comments_count`) VALUES
(42, 'Григорий Сошкин: "Концовку сезона можем провести уверенно"', '<p><em>Григорий Сошкин пополнил состав &laquo;Шахтёра&raquo; из&nbsp; Садона в минувшее межсезонье. Несмотря на относительно недолгое пребывание в команде, он уже стал одним из лидеров &laquo;горняков&raquo;. В самые тяжелые времена команды, когда при достойной игре &laquo;Шахтёр&raquo; терпел поражения, именно Сошкин признавался лучшим игроком поединков. Он был одним из немногих, кого нельзя было упрекнуть в плохой или безвольной игре.</em></p>\r\n<p><em>И именно с Григорием Сошкиным мы решили побеседовать себя, поинтересовавшись у него состоянием дел в команде и настроением перед заключительными матчами. Также мы попросили нашего полузащитника рассказать о скандальном поединке с &laquo;Пао&raquo;.</em></p>\r\n<p><em><img src="../../../assets/img/players/4ea943e731bd5234ba6785f56017be4d.jpg?1404242812" alt="" width="350" height="466" />&nbsp;</em></p>\r\n<p><strong>Пресс Служба: Последние результаты команды не могут не радовать. Как ты считаешь, что стало причиной двух побед?</strong></p>\r\n<p>Григорий Сошкин: Команде нужен был заряд положительных эмоций, ведь если анализировать 6,7,8 туры, команда играла более менее уверенно, исключением можно считать лишь провальный второй тайм в матче с &laquo;Бамом&raquo;, но в каждой встрече чего-то не хватало, где то концентрации в каких-то моментах, где то везения. И в матче с &laquo;Осетинкой&raquo; мы, наконец, перебороли это невезение, отыгрывались два раза, и в конце вырвали победу, каждый в этой игре показал бешеную самоотдачу и желание победить, не было обычной зажатости. То же самое могу сказать и по последнему матчу. Отсутствие зажатости, уверенность в своих силах, помогла команде не только удержать ничейный счет в меньшинстве, но и в концовке вырвать победу.</p>\r\n<p><strong>ПС:&nbsp; Можно ли говорить, что теперь команда начнёт более уверенно набирать очки?</strong></p>\r\n<p>ГС: Поживем-увидим, если удастся сохранить этот настрой, концовку сезона можем закончить достаточно уверенно.&nbsp;&nbsp;&nbsp;&nbsp;&nbsp;&nbsp;&nbsp;&nbsp;&nbsp;&nbsp;&nbsp;&nbsp;&nbsp;&nbsp;&nbsp;&nbsp;&nbsp;&nbsp;&nbsp;&nbsp;&nbsp;&nbsp;&nbsp;&nbsp;&nbsp;&nbsp;&nbsp;&nbsp;&nbsp;&nbsp;</p>\r\n<p><strong>ПC: Последний матч получился очень напряженным и скандальным. Прокомментируй, пожалуйста, события, происходившие в игре с &laquo;Пао&raquo;</strong></p>\r\n<p>ГC: Судья, мягко говоря, не вошел в игру. Не хотелось бы обсуждать это. Профессионалов-арбитров у нас в лиге нет, поэтому слишком критиковать работу судьи не буду. А вот, партнеров по команде попросил бы не оставлять команду в меньшинстве&nbsp;&nbsp;&nbsp;&nbsp;&nbsp;&nbsp;&nbsp;&nbsp;&nbsp;&nbsp;</p>\r\n<p><strong>ПС: Команда продолжает пропускать довольно много мячей. В последнее время именно ты играешь центрального защитника. В чём причины пропущенных мячей?</strong></p>\r\n<p>ГС: Мне не особо нравится позиция, которую мне приходится занимать. Мне ближе центр поля, где можно заниматься не только разрушением, но и создавать остроту у ворот соперника. Но так складываются обстоятельства, и выхожу туда, где больше нужен команде. Да голов, мы действительно, пропускаем не мало, но я бы не сваливал всю вину на оборону. Где-то, как я говорил ранее, не хватало везения, все отскоки случались не в нашу пользу, и много сами себе назабивали, где-то действительно сыграли не очень грамотно, вследствие чего пропускали обидные голы. Но в последние 2 игры обороной я доволен, и не стоит смотреть на 4 пропущенных в них мяча. Именно эти 2 игры я пока бы назвал лучшими для нашей защиты.</p>\r\n<p><strong>ПС: Победы позволили &laquo;горнякам&raquo; покинуть зону вылета. Может ли &laquo;Шахтёр&raquo; теперь побороться за место в восьмёрке или команда уже достигла своего &laquo;потолка&raquo; в этом сезоне?</strong></p>\r\n<p>ГС: Я думаю в этом сезоне с притязаниями на восьмерку стоит забыть. Слишком много мы проиграли. Место с 9 по 12 в сложившейся ситуации смотрелось бы неплохо.&nbsp;&nbsp;</p>\r\n<p><strong>ПС: Какую работу надо провести в межсезонье, чтобы &laquo;Шахтёр&raquo; не столкнулся с такими же проблемами, как в этом сезоне?&nbsp;</strong>&nbsp;&nbsp;&nbsp;&nbsp;&nbsp;&nbsp;&nbsp;&nbsp;&nbsp;&nbsp;&nbsp;&nbsp;&nbsp;&nbsp;&nbsp;&nbsp;&nbsp;&nbsp;&nbsp;&nbsp;&nbsp;&nbsp;&nbsp;&nbsp;&nbsp;&nbsp;&nbsp;&nbsp;</p>\r\n<p>ГС: &nbsp;Я думаю, что над усилением должен думать руководитель команды. Как в плане селекции, так в плане тактике. Лишь отмечу, что каждый в команде должен работать над собой и своими ошибками, чтобы избежать на следующий год аналогичной ситуации.&nbsp;&nbsp;&nbsp;&nbsp;&nbsp;&nbsp;&nbsp;&nbsp;&nbsp;&nbsp;&nbsp;&nbsp;&nbsp;&nbsp;&nbsp;&nbsp;&nbsp;&nbsp;&nbsp;&nbsp;&nbsp;&nbsp;&nbsp;&nbsp;&nbsp;&nbsp;</p>\r\n<p>&nbsp; &nbsp; &nbsp; &nbsp; &nbsp; &nbsp;&nbsp;</p>', 3, 1404442472, 1404523015, '<p>После мата с "Пао" полузащитник "горняков" Григорий Сошкин дал интервью пресс-службе нашей команды.</p>\r\n<p>&nbsp;</p>', 0),
(43, ' О Фонде "Быть Добру"', '<p><img src="http://dobro15.com/wp-content/uploads/2014/06/logo_byt_dobru81.png" alt="" width="600" height="98" /><br /><br /></p>\r\n<p>Уже почти год общественный благотворительный фонд &laquo;Быть Добру&raquo; оказывает поддержку жителям Северной Осетии. Фонд, выполняя свои уставные цели, действует на основе Конституции Российской Федерации, Гражданского кодекса Российской Федерации, Федерального закона &laquo;О некоммерческих организациях&raquo;, Федерального закона &laquo;О благотворительной деятельности и благотворительных организациях&raquo;. Создатели фонда &mdash; это молодые люди, избравшие для себя не простой, но благородный путь. Фонд сотрудничает с министерством здравоохранения Северной Осетии, Русфондом, Общественной Организацией &laquo;Иры Фидан&raquo; и планирует расширять партнерские отношения с клиниками и другими благотворительными организациями России.</p>\r\n<p>Целью создания Фонда является формирование имущества на основе добровольных взносов, других, не запрещенных законом поступлений, для осуществления благотворительной деятельности, направленной на:</p>\r\n<p>- благотворительную деятельность,</p>\r\n<p>- оказание материальной и иной помощи гражданам, имеющим тяжелые заболевания, их семьям, а также лечебным и иным учреждениям, оказывающим медицинскую и иную помощь пациентам,</p>\r\n<p>- содействие деятельности в сфере профилактики и охраны здоровья граждан, а также пропаганды здорового образа жизни, улучшения морально-психологического состояния граждан,</p>\r\n<p>- всестороннюю поддержку детей и семей группы риска, замещающих семей, а также организаций и учреждений, работающих с детьми;</p>\r\n<p>- содействие развитию семейных форм устройства детей, оставшихся без попечения родителей;</p>\r\n<p>- содействие укреплению престижа и роли семьи в обществе;</p>\r\n<p>- содействие защите материнства, детства и отцовства;</p>\r\n<p>- поддержку инициатив граждан и юридических лиц, направленных на решение социальных, благотворительных, культурных, образовательных и иных общественно значимых проблем.</p>\r\n<p>Благотворительный фонд &laquo;Быть Добру&raquo; работает по принципу &laquo;марафон на месяц&raquo;. Сбор средств проходит ровно месяц, но в экстренных случаях по решению попечительского совета сроки сбора средств могут быть увеличены. Выбор пациентов наиболее остро нуждающихся в лечении, осуществляют учредители и экспертный состав попечительского совета под руководством главного врача северокавказского медицинского центра г. Беслана Александра Реутова.</p>\r\n<p>Как удается собрать необходимую сумму? В первую очередь, посредством благотворительных акций. Они проводятся в концертных залах и на футбольных матчах, благотворительные урны устанавливаются в офисах, супермаркетах и ресторанах города. На сегодняшний день таких точек сбора по республике двадцать две. В социальных сетях Вконтакте, Инстаграм, Одноклассники, Facebook есть официальные группы, где выкладываются отчеты по сбору средств. Также ведется работа над сайтом фонда.</p>\r\n<p>В фонде работают молодые ребята, которых объединило общее дело &ndash; помощь людям. Это студенты и недавние выпускники ВУЗов, люди, которые не понаслышке знают цену жизни, готовые бороться в сложных ситуациях, преодолевая трудности и возникающие преграды.</p>\r\n<p>За время своего существования фонд оказал помощь семье Гогичаевых, Дудниковых, Зукуровых, Туаевых, Рубаевых, Теблоевых, Тибиловых, Тохтиевых, Дряевых, Бекоевых, Короевых, Тебетовых и др.</p>\r\n<p>На сегодняшний день фондом оказана помощь 40 семьям.</p>\r\n<p><strong>Наши контакты:</strong></p>\r\n<p><a href="mailto:bit_dobru15@mail.ru" target="_blank">bit_dobru15@mail.ru</a>&nbsp;и bitdobru15@gmail.com</p>\r\n<p>8(918)8273357 Залина Губурова, учредитель фонда</p>\r\n<p>8(918)8281501 Агунда Борадзова, учредитель фонда</p>\r\n<p>8(988)8330070 Амурхан Кусов, президент фонда</p>\r\n<p>8(918)8354831 Людмила Хадикова, бухгалтер</p>', 4, 1404501746, 1404515626, '<h3 align="center">Северо-осетинский общественный благотворительный фонд &laquo;Быть Добру&raquo;</h3>', 0),
(44, 'С Днём рождения поздравляем Владимира Пухаева', '<p>Коллектив ЛФК &laquo;Шахтёр Садон&raquo; поздравляет с днём рождения голкипера команды Владимира Пухаева! Желаем нашему стражу ворот успехов во всех начинаниях. Пусть реализуется всё задуманное! Удачи, здоровья, благополучия и счастья. С таким надёжным и уверенным человеком можно никогда не беспокоиться за пост номер один!</p>\r\n<p><img src="http://cs616419.vk.me/v616419604/120d5/E0gfQoIsE8U.jpg" alt="" width="600" height="400" /></p>\r\n<p><strong>С днём рождения!</strong></p>', 1, 1404700416, 1404758354, '<p>Сегодня день рождения празднует голкипер ЛФК "Шахтёр Садон" Владимир Пухаев.</p>', 5),
(45, 'Посетители сайта назвали Марата Еналдиева лучшим игроком матча с "Пао"', '<p><img src="../../../assets/img/slider/cdfc16797c3b44378f618894b56817cb.jpg" alt="" width="650" height="435" /></p>\r\n<p>Посетители нашего сайта назвали лучшего игрока матча с ЛФК "Пао". Им стал 9-й номер, форвард "горняков" <strong>Марат Еналдиев</strong>!</p>\r\n<p>Второе место в голосовании занял <strong>Григорий Сошкин</strong>. Третье - <strong>Юрий Качмазов</strong>.</p>\r\n<p>&nbsp;</p>', 1, 1404829049, 1404829092, '<p>9-й номер ЛФ "Шахтёр Садон" был признан лучшим игроком матча с "Пао"</p>', 0),
(46, 'Урны для благотворительной помощи появились ещё в одном месте', '<p>Благотворительный фонд "Быть Добру" и Общественная организация "Иры фид&aelig;н" выражают благодарность директору МЕДИЦИНСКОГО ЦЕНТРА &laquo;ЗДОРОВЬЕ&raquo; Габараеву Юрию Исаковичу за содействие в установлении урны в здании клиники, благодаря чему идет сбор денежных средств, необходимых для оказания помощи больным.&nbsp;<br />Спасибо Вам большое, Юрий Исакович!!!Здоровья и благополучия Вам и Вашим родным!</p>\r\n<p><img src="https://fbcdn-sphotos-d-a.akamaihd.net/hphotos-ak-xpf1/t1.0-9/1977086_689755044440566_6999771016148168275_n.jpg" alt="" width="400" height="300" />&nbsp;<img src="https://fbcdn-sphotos-f-a.akamaihd.net/hphotos-ak-xfp1/t1.0-9/10423889_689755041107233_9112537131190686548_n.jpg" alt="" width="400" height="533" /></p>', 4, 1404862736, 1404862736, '<p>Урны фонда "Быть Добру" появились в медицинском центре "Здоровье"</p>', 0),
(47, 'Поздравляем Михаила Осепова с Днём рождения!', '<p>Сегодня день рождения празднует полузащитник ЛФК "Шахтёр Садон" Михаил Осепов! Хотим пожелать Мише успехов во всех начинаниях, крепкого здоровья, счастья и удачи на поле и вне его пределов. С Днём Рождения!&nbsp;</p>\r\n<p><img src="http://cs608927.vk.me/v608927442/9d9d/Z1qEFyLYtrs.jpg" alt="" width="500" height="334" /></p>', 1, 1405064929, 1405096788, '<p>Коллектив ЛФК "Шахтёр Садон" поздравляет полузащитника команды Михаила Осепова с днём рождения!</p>', 4),
(48, 'Хетæджы Стыр бæрæгбоны хорзæх уæ уæд!!!', '<p>Хет&aelig;джы Стыр б&aelig;р&aelig;гбоны хорз&aelig;х у&aelig; у&aelig;д!!!<br /><br /><img src="http://cs617828.vk.me/v617828411/10d98/Ut_6zqmogtQ.jpg" alt="" width="604" height="453" /></p>', 1, 1405246942, 1405246942, '', 0),
(49, 'Друзья, мы приглашаем вас принять участие в нашем большом празднике!!!! ', '<p><strong>15 июля завершение акции "Добровольцы - детям" 16.00-20.00 онлайн трансляция!!!</strong><br /><strong>Вас ждет красочный 4-хчасовой музыкальный шоу-марафон, состоящий из 4 отделений:</strong><br /><strong>(1 - &laquo;Взрослые и дети&raquo;, 2 - &laquo; Дети-детям&raquo; 3- &laquo; Осетия - наш общий дом&raquo; 4-&laquo;Если есть друзья на свете, можно все преодолеть&raquo;).</strong><br /><br /><strong>Во время концерта-марафона в фойе Северо-Осетинского государственного академического театра им.В.Тхапсаева будут проведены интерактивные развлекательные программы для детей и их родителей, а так же различные выставки детских поделок, рисунков и ярмарка умельцев. Угощения для детей от партнеров проекта.</strong><br /><br /><strong>Для всех желающих ВХОД СВОБОДНЫЙ!</strong><br /><br /><br /><img src="http://cs620622.vk.me/v620622602/fab4/Aa1do-y6OZc.jpg" alt="" width="525" height="776" /><br /><br /></p>', 4, 1405351550, 1405351550, '', 0),
(50, 'Поздравляем Ибрагима Чехоева с днём рождения!', '<p><img src="../../../assets/img/players/555317283e79a9c05d0aef6477b64c13.jpg?1404242816" alt="" width="350" height="466" /></p>\r\n<p>Сегодня день рождения празднует защитник "Шахтёр Садон" Ибрагим Чехоев. Желаем нашему футболисту успехов во всех начинаниях, крепкого здоровья, удачи и счастья! Пусть сбываются все мечты и желания! Прогресса в футбольной карьере и отсутствия травм!</p>\r\n<p>С днём рождения!</p>', 1, 1405743714, 1405861955, '<p>Коллектив ЛФК "Шахтёр Садон" поздравляет защитника команды Ибрагима Чехоева с днём рождения!</p>', 6),
(51, 'Четвёртая победа подряд', '<p><strong>ЛЛК. 12-й тур. 20 июля. </strong></p>\r\n<p><strong>Алагир, стадион &laquo;Спартак&raquo;</strong></p>\r\n<p><strong>&laquo;Шахтёр Садон&raquo; - &laquo;Алания&raquo; Моздок 3:2</strong> (1:1)</p>\r\n<p><strong>Голы:</strong> Качмазов, 20, Добаев, 52, Добаев, 75 &ndash; неизвестно.</p>\r\n<p><strong>Предупреждение</strong><strong>:&nbsp;</strong>Еналдиев, 60</p>\r\n<p>В матче 12-го тура "Шахтёр Садон" принимал очень крепкую команду из Моздока. Все предматчевые расклады были не в пользу горняков: в конкурсе прогнозов самыми популярными счетами были 4:0 и 4:1 в пользу моздокчан. Однако, после серии из трёх побед подряд горняки жаждали продолжить свою серию. И, забегая вперёд, скажем, что это им удалось.<br /> <br /> По сравнению с предыдущим матчем горняки провели лишь одну вынужденную замену: вместо травмированного Тедеева на поле вышел Добаев. Ему и было суждено стать героем встречи.&nbsp;<br /> <br /> Матч, как и ожидали многие, начался с атак "Алании". Моздокчане подолгу владели мячом и оказывали давление на правый фланг обороны садонцев. Однако, все их атаки были остановлены. После безуспешной попытки прорваться через фланги, моздокчане начали оказывать давление в центре, что и принесло свои плоды. После разрезающего паса форвард гостей выбежал один на один с Владимиром Пухаевым и отправил мяч в сетку ворот соперника. 0:1&nbsp;<br /> </p>\r\n<p><img src="http://cs617829.vk.me/v617829604/11e05/Qg32AT9UDhs.jpg" alt="" width="500" height="333" /></p>\r\n<p><em>Аслан Магкеев и Георгий Лолаев. ЛФК "Шахтёр Садон"</em></p>\r\n<p>Впрочем, "Шахтёру" не привыкать отыгрываться: все победы садонцев в этом сезоне были волевыми. Вот и на этот раз после пропущенного гола горняки продолжили гнуть свою линию, играли в свой футбол и под конец тайма это принесло плоды. После трехходовки Чехоев С - Еналдиев - Качмазов последний отправил мяч в сетку ворот соперника, забив свой первый гол на турнире. 1:1.<br /> <br /> В итоге первый тайм так и закончился с ничейным счётом. А после перерыва игра приняла другой характер, теперь уже&nbsp;активнее играли горняки, раз за разом заставляя ошибаться игроков "Алании". И после ошибки вратаря соперника Добаев перехватил мяч, обыграл защитника и пробил примерно с 25 метров в дальний угол ворот &ndash; мяч затрепыхался в сетке &ndash; 2:1.<br /> <br /> После этого великолепную возможность отыграться имели моздокчане, однако после выхода один на один выручил Пухаев. К слову? защитники и вратарь &laquo;Шахтёра&raquo; в этот день играли блестяще. Затем на передний план снова вышел Добаев, который отправил мяч практически с нулевого угла в дальний угол ворот соперника. 3:1. И многим стало ясно, что садонцы уже не упустят победу.</p>\r\n<p><img src="http://cs617829.vk.me/v617829604/11c70/bYNqguHOKrI.jpg" alt="" width="500" height="333" /></p>\r\n<p><em>Юрий Качмазов забил свой первый мяч в сезоне. ЛФК "Шахтёр Садон"</em><br /> <br /> Лишь на последних минутах встречи &laquo;красно-жёлтые&raquo; сумели возродить интригу. Уже в компенсированное время они отыграли один мяч, пробив из-за предела штрафной в дальний угол. В результате матч завершился со счётом 3:2. Отметим, что все свои победы в этом сезоне &laquo;горняки&raquo; одержали именно с таким счётом. А этот успех стал уже четвёртым подряд, включая техническую победу в игре с &laquo;Фортуной&raquo;.</p>\r\n<p>&nbsp;</p>\r\n<p><strong>Состав:</strong></p>\r\n<p><br /> №1 Пухаев (в)<br /> №2 Лолаев<br /> №34 Сошкин<br /> №19 Чехоев Ч.<br /> №88 Васюков<br /> №76 Чехоев С. (к)<br /> №11 Магкеев &gt;&lt; (№23 Джикаев)<br /> №22 Качмазов<br /> №77 Добаев<br /> №92 Худошин &gt;&lt; (№17 Кучиев)<br /> №9 Еналдиев &gt;&lt; (№8 Васин)<br /> <br /> <strong>Запасные:</strong><br /> №85 Мозговой<br /> №19 Чехоев И.<br /> №90 Осепов</p>\r\n<p>&nbsp;</p>\r\n<p><a href="../../../media/photos/categories/view/21" target="_blank">Фотогалерея матча</a></p>\r\n<p><a href="../../../table/3" target="_blank">Турнирная таблица&nbsp;</a></p>', 1, 1405924988, 1405976253, '<p>В матче 12-го тура садонцы обыграли моздокчан со счётом 3:2</p>', 0),
(53, 'Интервью официальному сайту команды дал Георгий Лолаев', '<p>Перед игрой с ЛФК "РиК" мы дозвонились нашему правому защитнику и задали ему парочку вопросов.<br /><br /><strong>Здравствуй Георгий! Как тебе игра твоей команды в последнее время?<br /><br /></strong><em>Здравствуйте! Команда прибавила очень и очень значительно, уже нет такого хаоса на поле как это было в начале сезона. Мы стали более уверены в себе и что более важно в друг друге. Мы можем уже сами навязывать свою игру сопернику.<br /></em><em><br /><img src="https://pp.vk.me/c617829/v617829604/11dfc/nUeSBp5ekWc.jpg" alt="" width="616" height="418" /><br /><br /></em><strong><strong>Как ты считаешь, в чём причина такого резкого изменения в результатах? после 7 поражений последовала серия из 4 побед подряд?<br /><br />&nbsp;</strong></strong><em>Ну конечно же в том что команда растёт от игры к игре, также положительный эффект дают тренировки. У нас стал чаще&nbsp;</em><em>проходить пас, чаще атаки завершаются ударом, а также многие игроки подтянули свои физические кондиции! Так же я бы отметил. что команда прибавила тактически, уже нет таких провальных моментов в началах таймов. Все стараются играть предельно сконцетрированно и грамотно выполнять свои обязанности на футбольном газоне.</em><br /><strong><br />Ты сыграл практически во всех играх от звонка до звонка, комфортно ли тебе играть на своей позиции? Приходилось ли раньше играть правого защитника?<br /><br /></strong><em>Да, я комфортно чувствую себя на своей позиции. Мне приходилось играть раньше в ЛЛК. И играл я не только крайнего защитника, но и опорного полузащитника, а также крайнего полузащитника.<br /><br /><img src="https://pp.vk.me/c616418/v616418411/c5dd/iam-e9KcegM.jpg" alt="" width="591" height="394" /><br /><br /><strong>Чего стоит ждать от команды в оставшихся играх? И как ты думаешь на какой позиции мы закончим чемпионат?<br /><br /></strong>Команда не раз доказала что может бороться на ровне с сильными соперниками, так что думаю что попасть в топ 10 нам вполне под силу. .Но я конечно же надеюсь, что команда еще сможет побороться за кубок. (в кубок ЛЛК попадают топ8. прим.авт.)<br /></em></p>', 3, 1406306724, 1406354573, '', 0),
(54, 'Матч с ЛФК "РиК" начнётся в 18:00', '<p>В 13-м туре чемпионата ЛЛФК "Шахтёр Садон" встретится с двукратным чемпионом ЛЛК, командой "РиК". Матч начнётся в 18:00, 27 июля (воскресенье).&nbsp;</p>\r\n<p>Наша команда уже встречалось с ЛФК "РиК". Правда, тогда мы пересекались в рамках кубка по мини-футболу. Ниже представлен видеоотрывок того матча. Тогда наш соперник&nbsp;победил в серии послематчевых пенальти.</p>\r\n<p><iframe src="http://www.youtube.com/embed/J6yG_z-AReE" width="425" height="350"></iframe></p>', 1, 1406377062, 1406377091, '<p>Стало известно время начала следующего матча "горняков". Поединок с ЛФК "РиК" начнётся в 18:00</p>', 0),
(55, '"Шахтёр Садон" не удержал победу в матче с ЛФК "РиК"', '<p><img src="http://cs618821.vk.me/v618821604/f9c6/5KKipAfLMaA.jpg" alt="" width="600" height="402" /></p>\r\n<p>В 13-м туре чемпионата Лиги любительских команд РСО-Алания футболисты садонского &laquo;Шахтёра&raquo; встречались с командой &laquo;РиК&raquo;. Нашим соперником был один из старожилов Лиги, который к тому же является двукратным чемпионом. Тем не менее, &laquo;горняки&raquo; ничуть не испугались именитого соперника, заставив того изрядно понервничать.</p>\r\n<p>В стартовом составе &laquo;Шахтёра&raquo; произошли некоторые изменения. Своей дебютный матч за команду проводил полузащитник Ирлан Жажиев, который пропустил почти весь сезон. Также впервые с первых минут на поле появился защитник Антон Мозговой, залечивший травму. В остальном состав &laquo;горняков&raquo; угадывался: в стартовом протоколе оказались все те, кто на протяжении сезона регулярно надевал футболки садонского клуба.</p>\r\n<p>Старт матча получился довольно осторожным. Команды не спешили открываться, а игра была равной. Но на 15-й минуте &laquo;горняки&raquo; вышли вперёд. Худошин воспользовался ошибкой голкипера соперника, подхватил мяч, оставил не у дел двух защитников и направил мяч в дальний угол &ndash; 1:0!</p>\r\n<p><img src="http://cs617829.vk.me/v617829604/1339c/laHTCdZEIV0.jpg" alt="" width="600" height="400" /></p>\r\n<p><em>Голкипер "Шахтёр Садон" Владимир Пухаев был на высоте</em></p>\r\n<p>Теперь уже футболисты команды &laquo;РиК&raquo; стали действовать активнее в атаке. Впрочем, с их давлением уверенно справлялись садонцы. А основная угроза воротам &laquo;горняков&raquo; шла от дальних ударов. После одного из таких выстрелов себя во всей красе показал Владимир Пухаев, вытащивший мяч из самой девятки!</p>\r\n<p>В перерыве обе команды провели замены. &laquo;РиК&raquo; обновил атакующую линию, а у &laquo;Шахтёра&raquo; укрепить оборону отправился Чермен Чехоев. И всё самое интересное произошло именно во втором тайме.</p>\r\n<p>Команды безуспешно искали лазейки к воротам. У ЛФК &laquo;РиК&raquo; кураж поймал голкипер, который отразил несколько убойных дальних ударов. У &laquo;горняков&raquo; продолжала уверенно действовать оборона. Все атаки владикавказцев завершались неточным забросами в чужую штрафную. Но уже в концовке матча &laquo;горняки&raquo; позволили сопернику сравнять счёт. После углового последовал навес на ближнюю штангу, откуда игрок &laquo;РиКа&raquo; сравнял счёт &ndash; 1:1.</p>\r\n<p>&nbsp;Но тогда всё только начиналось. На 83-й минуте &laquo;Шахтёр&raquo; вышел вперёд. Дмитрий Васюков отметился отличным проходом, вошёл в штрафную и с острого угла послал мяч над голкипером &ndash; 2:1!</p>\r\n<p>Однако &laquo;горняки&raquo; не извлекли урок из первого пропущенного гола. И всего через несколько минут &laquo;РиК&raquo; сравнял счёт. На этот раз уже после многоходовки форвард соперника замкнул прострел с нескольких метров &ndash; 2:2.</p>\r\n<p>А завершилось всё уже в компенсированное время. &laquo;Горняки&raquo; упустили несколько превосходных моментов, но Дмитрий Васюков сумел-таки вывести свою команду вперёд. После прострела Худошина крайний защитник &laquo;Шахтёра&raquo; направил мяч в пустой угол &ndash; 3:2!</p>\r\n<p><img src="http://cs617829.vk.me/v617829604/13462/5ZvmP2o0r_w.jpg" alt="Дмитрий Васюков. " width="600" height="400" /></p>\r\n<p><em>Дмитрий Васюков - автор дубля "Шахтёр Садон"</em></p>\r\n<p>Тогда казалось, что &laquo;Шахтёр&raquo; уже не упустит победу. &laquo;Горняки&raquo; были близки к тому, чтобы в четвёртый раз победить со счётом 3:2. Но уже на последних секундах встречи после штрафного &laquo;РиК&raquo; сумел вырвать ничью: защитники садонцев не успели закрыть соперника, находившегося на дальнем углу штрафной &ndash; 3:3!</p>\r\n<p>Как итог &ndash; боевая ничья, которая не могла устроить футболистов &laquo;Шахтёра&raquo;. &laquo;Горняки&raquo; упустили победу, трижды ведя в счёте. Тем не менее, такой результат в матче со столь сильным соперником уже можно назвать успехом.</p>\r\n<p><strong>Чемпионат ЛЛК. 13-й тур</strong></p>\r\n<p><strong>27 июля, Алагир, стадион &laquo;Спартак&raquo;</strong></p>\r\n<p><strong>&laquo;Шахтёр Садон&raquo; - &laquo;РиК&raquo; 3:3 (1:0)</strong></p>\r\n<p><strong>Голы:&nbsp;</strong>Худошин, 15, Васюков 83, 90.</p>\r\n<p><strong>Состав:</strong></p>\r\n<p>№1 Пухаев (в)<br />№2 Лолаев<br />№34 Сошкин<br />№85 Мозговой &gt;&lt; (№19 Чехоев Ч.)<br />№88 Васюков<br />№76 Чехоев С. (к)<br />№11 Магкеев <br />№22 Качмазов<br />№10 Жажиев<br />№92 Худошин <br />№9 Еналдиев</p>\r\n<p><a href="http://vk.com/album-53220872_199527332" target="_blank">Фотогалерея матча</a></p>\r\n<p><a href="../../../table/3" target="_blank">Турнирная таблица</a></p>', 1, 1406497151, 1406511393, '<p>В 13-м туре ЛЛК "Шахтёр Садон" сыграл вничью с ЛФК "РиК" - 3:3.</p>', 0),
(56, 'Лучшим игроком в матче с ЛФК "РиК" признан автор дубля №88 Васюков', '<p>По мнению посетителей сайта лучшим игроком матча с ЛФК "РиК" признан автор дубля Васюков, на один голос отстал автор гола и двух голевых передач Худошин.<br /><br /><img src="http://cs617829.vk.me/v617829604/13462/5ZvmP2o0r_w.jpg" alt="" width="579" height="385" /></p>', 1, 1406909966, 1407041247, '<p>По мнению постетителей сайта лучшим игроком матча с ЛФК "РиК" был признан №88 Васюков</p>', 2),
(57, 'ЛФК "Шахтёр Садон" поздравляет с Днём Рождения своих игроков Засеева Заура и Тедеева Хетага!', '<p>Весь дружный коллектив ЛФК "Шахтёр Садон" поздравляет Засеева Заура и Тедеева Хетага с Днём Рождения!&nbsp;<br /><br /><img src="http://cs616419.vk.me/v616419604/10376/7vG9TB0AiIA.jpg" alt="" width="587" height="391" /><br /><br /><em>&nbsp;Тедеев Хетаг</em></p>\r\n<p>&nbsp;</p>\r\n<p><strong>Мы желаем Вам долгих лет счастливой жизни, успехов и здоровья! Мы уверены что Вы можете добиться любых вершин, а весь наш коллектив Вам в этом поможет! Поздравляем!!!</strong></p>\r\n<p><em><img src="http://cs616419.vk.me/v616419604/103c7/MlYH6bWez7o.jpg" alt="" width="599" height="399" /><br />&nbsp;Засеев Заур</em></p>', 1, 1407196214, 1407221677, '<p>Сегодня сразу два игрока горняков празднуют свои Дни Рождения)))</p>', 0),
(58, 'Обидное поражение ЛФК "Шалдону"', '<p>В матче 14-го тура ЛФК &laquo;Шахтёр Садон&raquo; встречался с ЛФК &laquo;Шалдон&raquo;. Проигрыш в этом матче лишал всех надежд на топ8 игроков горняков, поэтому настрой был запредельный. ЛФК &laquo;Шалдону&raquo; же нужна была победа чтоб обезопасить себя с вылета из топ8.<br /> <br /> В составе горняков отсутствовал один из самых стабильных игроков команды Лолаев, и пришлось искать замену ему. Выбор пал на Кучиева, и некоторые игроки сместились со своих позиций. Стартовую пару нападающих составили Кучиев и Еналдиев.<br /> <br /> В эту изнуряющую жару темп матча был невысок. И первый опасный момент был создан горняками, но Качмазов не смог укратить мяч и момент был упущен. Практически после этого опасный момент был у капитана команды, однако обыграв защитника не смог хорошо приложиться по мячу. <br /> <br /> Пару раз выручил и Пухаев, после атак шалдонцев. Затем после заброса со своей половины поля один на один выбежал Кучиев и мог забивать свой первый гол в лиге, но вратарь соперников выручил и сыграл надёжно. Под конце первого тайма горняки немного подсели физически, и шалдонцы забили так свой гол, после навеса справого фланга, защита горняков забыла игрока гостей в штрафной и тот отправил мяч в ворота. 0:1<br /> <br /> В начале второго тайма горняки перестроили игру с 4-3-1-2 на 4-2-3-1 сместив Худошина на левый фланг, и выпустив Васина вместо Кучиева. Чехоев С сместился на правый фланг. &nbsp;<br /> <br /> Горняки пытались атаковать, но шалдонцы грамотно оборонялись и контратаковали. В одной из таких контратак полузащитник убежал один на один, обыграл вратаря и был сбит с ног, пенальти. К мячу подошёл Икаев Заур, однако его удар парировал Пухаев. Битаров первым успел на добивание и отправил мяч в сетку. Однако гол не бы засчитан, так как игроки команд нарушили правила, двинувшись раньше чем нужно в направлении ворот. Бить второй пенальти вышел Хугаев, но и тут Пухаев выручил команду. Счёт не изменился. <br /> <br /> Отличные возможности отыграться упустили Худошин, Васин, Еналдиев. И тут последовало вот что, после заброса &nbsp;на игрок &laquo;Шалдона&raquo; боковой судья зафиксировал офсайд, однако судья не обратив на это внимание засчитал гол. После чего были жаркие споры, однако гол не был отменён. 0:2<br /> <br /> После того как горняки разыграли мяч последовал заброс на Васина, который доиграл момент до конца, и заставил вратаря отправить мяч в свои ворота. 1:2<br /> <br /> Финальный штурм хозяев не привёл ни к чему. Более того после ошибки Пухаева, нападающий &laquo;Шалдона&raquo; не попал по пустым воротам.<br /> <br /> Гол забил: автогол.<br /> <br /> Состав команды:<br /> №1 Пухаев<br /> №10 Жажиев<br /> №34 Сошкин<br /> №19 Чехоев Ч.<br /> №88 Васюков<br /> №76 Чехоев С.<br /> №11 Магкеев &gt;&lt; (№85 Мозговой)<br /> №22 Качмазов<br /> №92 Худошин<br /> №17 Кучиев &gt;&lt; (№8 Васин)<br /> №9 Еналдиев<br /> <br /> Оценка главному судье матча: 3.</p>', 1, 1407233951, 1407233951, '<p>в 14 туре ЛФК "Шахтёр Садон" уступил ЛФК "Шалдону" и лишил себя шансов на место в топ8.</p>', 0),
(59, 'Серия товарищеских игр с ХК "Алания"', '<p>Впервые в истории любительского спорта в Осетии! ЛФК "Шахтёр Садон" и ХК "Алания" проведут серию товарищеских поединков. Чтобы выяснить кто же лучше играет, хоккеисты в футбол, или футболисты в хоккей?! 10-августа команды выяснять свои силы в мини-футбол, а 24-августа сыграют в хоккей. Время начала игр, будет известно позже. Приходите, будет интересно!<br /><br /><img src="http://cs617829.vk.me/v617829411/182f0/g0Uq2509mWU.jpg" alt="" width="604" height="475" /></p>', 1, 1407349121, 1407349121, '<p>Впервые команда попробует свои силы в хоккее...</p>', 0),
(60, 'Мини-футбольный матч с ХК "Алания"', '<p>Стало известно место проведения мини-футбольного матча между ЛФК "Шахтёр Садон" и ХК "Алания"... Матч пройдёт в это воскресенье 10 августа, в 20:00... на мини-футбольном поле по ул.Цоколаева... Матч пройдёт 7 на 7, 2x20 минут. Удачи ХК "Алания"! Будет жарко, приходите!<br /><br /><img src="http://cs617829.vk.me/v617829411/18336/sTHwUsdSx5w.jpg" alt="" width="623" height="415" /></p>', 1, 1407407267, 1407407267, '<p>Стало известно место и время проведения матча</p>', 0);
INSERT INTO `articles` (`id`, `title`, `full_text`, `category_id`, `created_at`, `updated_at`, `preview`, `vk_comments_count`) VALUES
(61, 'ЛФК "Шахтёр Садон" одержал очередную волевую победу', '<p>ЛФК "Шахтёр Садон" 4:3 ЛФК "Фиорентина"&nbsp;<br /><br />Голы забили: Еналдиев, Еналдиев, Еналдиев, Тедеев<br /><br />Состав команды:<br /><br />№1 Пухаев<br />№2 Лолаев<br />№34 Сошкин<br />№19 Чехоев Ч. (к)<br />№88 Васюков<br />№76 Чехоев С. &gt;&lt; (№90 Осепов)<br />№11 Магкеев &gt;&lt; (№13 Тедеев)<br />№22 Качмазов<br />№92 Худошин<br />№8 Васин &gt;&lt; (№17 Кучиев)<br />№9 Еналдиев<br /><br />Жёлтые карточки: №88 Васюков, №92 Худошин, №22 Качмазов</p>', 1, 1407854151, 1407854151, '<p>В матче 15-го тура горняки выиграли у ЛФК "Фиорентина" со счётом 4:3 (1:1)</p>', 0),
(62, 'ЛФК "Шахтёр Садон" проиграл в серии послематчевых пенальти ХК "Алания"', '<p>ЛФК "Шахтёр Садон" 3:3 ХК "Алания" (1:2 по пенальти)<br /><br />Голы забили: Васюков, Чехоев С. Чехоев С. - Бегизов Алан, Бегизов Руслан, Арсагов Марат<br /><br />Состав команды Шахтёр Садон:<br /><br />№39 Хамикоев<br />№76 Чехоев С. (к)<br />№22 Качмазов<br />№92 Худошин<br />№17 Кучиев &gt;&lt; (№8 Васин)<br />№88 Васюков<br />№11 Магкеев &gt;&lt; (№90 Осепов)<br /><br />Состав Команды ХК "Алания"<br />Томаев Вячеслав (вр)<br />Негрей Александр&nbsp;<br />Сатцаев Сослан&nbsp;<br />Бегизов Руслан&nbsp;<br />Бегизов Алан&nbsp;<br />Джиоев Вячеслав<br />Арсагов Марат.</p>', 1, 1407854240, 1407854240, '<p>В товарищеском матче по мини-футболу ХК "Алания" взяла вверх в серии пенальти</p>', 0),
(63, 'Историческая тренировка', '<p>Сегодня &nbsp;12 августа в 22:00 состоится историческое событие для нашего клуба! Первая хоккейная тренировка команды...!<img src="http://cs617829.vk.me/v617829411/187da/S1-m2mjkwU8.jpg" alt="" width="640" height="426" /></p>', 1, 1407855104, 1407855104, '<p>Сегодня в 22:00 впервые в истории ЛФК "Шахтёр Садон" сменит бутсы на коньки</p>', 0),
(64, 'Техническая победа над ЛФК "Иристон"', '<p>В матче 16-го тура ЛФК "Иристону" было присуждено техническое поражение(за неявку на матч) со счётом 0:3... Таким образом наша команда набирает 3 очка...</p>', 1, 1408276269, 1408276269, '<p>В 16-м туре ЛФК "Шахтёр Садон" одержал техническую победу над ЛФК "Иристон" 3:0</p>', 0),
(65, 'Сезон для нашей команды закончен', '<p>ЛФК "Шахтёр Садон" закончил сезон набрав в 17-ти турах 23 очка... Неплохой результат для дебютанта...&nbsp;</p>', 1, 1408780749, 1408780749, '<p>В матче последнего тура с ЛФК "Фавор" нам присудили техническую победу, так как команда соперников снялась с чемпионата...</p>', 0),
(66, 'Впервые на льду', '<p>Огромное спасибо ХК "Алания" за мастер класс в хоккее, за мужскую и интересную игру, к сожалению для нас они намного сильнее нас... Но зато было весело, в конкурсе болельщиков первое место заняла Люда Кокоева поздравляем её... а в серии буллитов ХК "Алания" одержали минимальную победу над ЛФК "Шахтёр Садон" 1:0... было весело...! Спасибо всем кто нас поддерживал!)&nbsp;<br /><br />ХК "Алания" 12:1 ЛФК "Шахтёр Садон"<br /><br />Единственная шайба на счету Осепова<br /><br /><img src="http://cs618730.vk.me/v618730411/123ac/lfSbXP25-0Y.jpg" alt="" width="579" height="325" /></p>', 1, 1408920792, 1409072571, '<p>24 августа произошло поистине выдающееся событие, впервые ЛФК "Шахтёр Садон" сыграл в хоккей...</p>', 1),
(67, 'С Днём Рождения!', '<p>Весь дружный коллектив ЛФК "Шахтёр Садон" поздравляет своего нападающего №17 Кучиева Артура с 22-летием, и желает ему счастья, крепкого здоровья и успехов во всех начинаниях!!!</p>', 1, 1409089033, 1409167950, '<p>Коллектив ЛФК "Шахтёр Садон" поздравляет с Днём Рождения Кучиева Артура</p>', 1),
(68, 'ЛФК "Шахтёр Садон" поздравляет с Днём Рождения Жажиева Ирлана', '<p>Коллектив ЛФК "Шахтёр Садон" поздравляет с Днём Рождения своего полузащитника и одного из лидеров команды №10 Жажиева Ирлана, и желает ему всего наилушчего, крепкого здоровья и успехов в жизни!!!</p>', 1, 1409181504, 1409181504, '<p>ФК "Шахтёр Садон" поздравляет с Днём Рождения своего полузащитника</p>', 0),
(69, '10 лет страшной трагедии в Беслане', '<p>1 сентября исполняется ровно 10 лет с того злополучного дня, когда был совершен один из самых жестоких терактов в результате которого погибли 334 человека, из них 186 &mdash; дети.<br /><br />Рухсаг ут ны Иры хъабултта... Мы помним, мы скорбим...</p>', 1, 1409556541, 1409556541, '<p>1 сентября исполняется ровно 10 лет с того злополучного дня, когда был совершен один из самых жестоких терактов в результате которого погибли 334 человека, из них 186 &mdash; дети.</p>', 0),
(70, 'Команда отправляется в отпуск', '<p>С 1-го сентября по 20-го сентября все игроки получают заслуженный отдых, всем спасибо за хороший сезон... нужно набраться сил и отдохнувшими начинать подготовку к новому сезону...</p>', 1, 1409557314, 1409557314, '<p>С 1-го по 20-е число команда отправляется в отпуск</p>', 0),
(71, 'ФК "Шахтёр Садон" и ХК "Алания" объявили о сотрудничестве', '<p>Сегодня 1.09.14г Марат Арсагов и Чехоев Сослан, достигли партнёрского соглашения. В силу которого ФК "Шахтёр Садон" и ХК "Алания" будут всячески поддерживать друг друга. Радовать болельщиков сериями товарищеских игр как в футбол, хоккей так и в другие виды спорта. Также они обязуются приглашать своих партнёров на все мероприятия организуемые той или иной командой. Мы верим что это начало большой дружбы для наших команд.<br /><br /><img src="http://cs618730.vk.me/v618730411/123ac/lfSbXP25-0Y.jpg" alt="" width="513" height="288" /></p>', 1, 1409559316, 1409601586, '<p>с 1 сентября 2014г футбольный клуб "Шахтёр Садон" и хоккейный клуб "Алания" объявили о партнёрстве между собой.</p>', 1),
(72, 'С. Чехоев: "В следующем сезоне заявим две команды"', '<p><img src="https://pp.vk.me/c620716/v620716411/4f45/iQ7ukrhlepQ.jpg" alt="" width="600" height="450" /></p>\r\n<p>Пресс-служба ЛФК &laquo;Шахтёр Садон&raquo; взяла интервью у капитана команды Сослана Чехоева. В ходе беседы Сослан подвёл итоги сезона&nbsp;и&nbsp;рассказал о планах на будущее.</p>\r\n<p>&nbsp;</p>\r\n<p><strong>- Сослан, поздравляем тебя и футболистов нашей команды с окончанием сезона. Подведи итоги дебютного сезона, пожалуйста. Можно ли быть довольными результатом?</strong></p>\r\n<p>&nbsp;</p>\r\n<p>- К сожалению поздравить нас особо не с чем. Сезон получился очень тяжёлым для нашей команды. Однако в целом результатом я остался доволен. Сказалось всё-таки волнение в начале чемпионата, когда потеряли очень много ненужных очков.&nbsp;&nbsp;&nbsp;&nbsp;</p>\r\n<p>&nbsp;</p>\r\n<p><strong>- Хотелось бы спросить не только про результат, но и про качество игры. Можно ли сказать, что, набравшись опыта, команда заиграла лучше?</strong></p>\r\n<p>&nbsp;</p>\r\n<p>- Игра команды особенно под конец чемпионата мне понравилась, старались контролировать мяч, особо хорошо работали фланги у нашей команды. Да, с опытом команда успокоилась и начала играть с холодной головой, что принесло свои плоды. Качество игры показанное нашей командой намного лучше, нежели показанный нами результат.&nbsp;&nbsp;&nbsp;&nbsp;&nbsp;&nbsp;&nbsp;&nbsp;&nbsp;&nbsp;&nbsp;&nbsp;&nbsp;</p>\r\n<p><strong>&nbsp;</strong></p>\r\n<p><strong>- На какой результат могла бы претендовать наша команда, не будь провала в начале сезона?</strong></p>\r\n<p>&nbsp;</p>\r\n<p>- Не люблю гадать, выступили как смогли... Боролись за попадание в 8-ку даже с серией из 7 поражений к ряду... Так что мы выступили очень даже добротно...&nbsp;&nbsp;&nbsp;&nbsp;&nbsp;&nbsp;&nbsp;&nbsp;&nbsp;&nbsp;</p>\r\n<p>&nbsp;</p>\r\n<p><strong>- Следующий вопрос касается организации. Каких успехов добилась команда? Известно, что новым партнёром &laquo;Шахтёра&raquo; стал ХК &laquo;Алания&raquo;.</strong></p>\r\n<p>&nbsp;</p>\r\n<p>- Наш футбольный клуб развивается налаживая хорошие отношения с другими компаниями республики. Также у нашей команды появился официальный сайт. Мы стараемся активно участвовать в жизни республики, участвую в акциях и прочих мероприятиях.&nbsp; Да вы верно подметили новым партнёром нашей команды стал хоккейный клуб "Алания" и мы верим что от нашего сотрудничества выиграем и мы и они.&nbsp;&nbsp;&nbsp;&nbsp;&nbsp;&nbsp;&nbsp;&nbsp;&nbsp;&nbsp;&nbsp;&nbsp;&nbsp;&nbsp;</p>\r\n<p>&nbsp;&nbsp;&nbsp;&nbsp;&nbsp;&nbsp;&nbsp;&nbsp;&nbsp;&nbsp;&nbsp;&nbsp;&nbsp;&nbsp;&nbsp;&nbsp;&nbsp;&nbsp;</p>\r\n<p><strong>- Сейчас в группах &laquo;Шахтёра&raquo; в социальных сетях проходит голосование на лучшего игрока сезона. Кому бы ты отдал свой голос?</strong></p>\r\n<p>&nbsp;</p>\r\n<p>На мой взгляд трудно выделить явно лучшего, отмечу сразу нескольких игроков. На последнем рубеже очень часто выручал Пухаев. В защите на протяжении всего сезона стабильно играли Лолаев и Сошкин. Отмечу также наших нападающих Худошина и Еналдиева.&nbsp;&nbsp;&nbsp;&nbsp;&nbsp;&nbsp;&nbsp;&nbsp;&nbsp;&nbsp;&nbsp;&nbsp;&nbsp;&nbsp;&nbsp;&nbsp;</p>\r\n<p>&nbsp;</p>\r\n<p><strong>- Какие планы у команды на межсезонье?</strong></p>\r\n<p>&nbsp;</p>\r\n<p>- Ну сейчас игроки находятся в отпуске. 20-го числа мы соберёмся и скажем ребятам задачи на будущий год. Можно также сказать что отныне в абревиатуре команды не будет буквы Л, и команда будет называться ФК "Шахтёр Садон", также будут изменены эмблема и форма команды. В общем от следующего года ждём только позитивных эмоций.&nbsp; &nbsp;&nbsp;&nbsp;&nbsp;&nbsp;&nbsp;&nbsp;&nbsp;&nbsp;&nbsp;&nbsp;&nbsp;&nbsp;&nbsp;</p>\r\n<p>&nbsp;</p>\r\n<p><strong>- Упорно ходят слухи о создании дубля или второй команды ЛФК &laquo;Шахтёр Садон&raquo;. Насколько они соответствуют действительности? Будут ли &laquo;горняки&raquo; и дальше выступать в ЛЛК?</strong></p>\r\n<p>&nbsp;</p>\r\n<p>- Слухи эти соответствуют действительности, но речь не идёт о дубле или второй команды, это будет также самобытный клуб, с которым мы будем активно сотрудничать. Ходят слухи что ЛЛК прекратит своё существование, верим что этого не случится и мы поборемся за победу в турнире в след.году.&nbsp;&nbsp;&nbsp;&nbsp;&nbsp;&nbsp;&nbsp;&nbsp;&nbsp;&nbsp;&nbsp;&nbsp;&nbsp;&nbsp;&nbsp;&nbsp;&nbsp;&nbsp;</p>\r\n<p>&nbsp;</p>\r\n<p><strong>- ЛФК &laquo;Шахтёр Садон&raquo; уже пополнился одним новичком. Расскажи, пожалуйста, о селекции. На какое усиление рассчитывают &laquo;горняки&raquo;, покинет ли кто-то команду?</strong></p>\r\n<p>&nbsp;</p>\r\n<p>- Усиление несомненно будет, ведь здоровая конкуренция ещё никому не помешала. Мы планируем приобрести вратаря, двух-трёх защитников, также двух-трёх полузащитников и одного нападающего. Команду покинет аж около девяти человек, некоторые из них перейдут в "дочерний" клуб наш. А некоторых в команде не будет совсем.&nbsp;&nbsp;&nbsp;&nbsp;&nbsp;&nbsp;&nbsp;</p>\r\n<p>&nbsp;&nbsp;&nbsp;&nbsp;&nbsp;&nbsp;&nbsp;&nbsp;</p>\r\n<p><strong>И напоследок хотелось бы попросить тебя выступить с небольшим обращением к болельщикам и игрокам команды, так сказать, подвести итог сезона.</strong></p>\r\n<p>&nbsp;</p>\r\n<p>Дорогие одноклубники, и уважаемые болельщики. Мы всеми силами пытались попасть в восьмёрку лучших команд ЛЛК, но к сожалении это оказалось нам не под силу. Команда выкладывалась в каждом матче, были грустные моменты (поражение от БАМа 1:8), и были также очень приятные моменты, ведь одержала 4 волевые победы. в число которых также входит победа над ПАО (У команды было 3 удаления). Так что я считаю что сезон выдался хороший. Будем ждать следующего, и я от лица всех игроков говорю, что мы будем биться за высокие места. Спасибо! &nbsp; &nbsp; &nbsp; &nbsp; &nbsp; &nbsp;</p>\r\n<p>&nbsp;</p>', 3, 1409608068, 1409608068, '<p>Пресс-служба ЛФК "Шахтёр Садон" побеседовала с капитаном команды Сосланом Чехоевым, который подвёл итог сезону</p>', 0),
(73, 'А. Мозговой: "Прошедший сезон оцениваю на 4"', '<p><img src="https://pp.vk.me/c617622/v617622604/8dcc/2suKw5QonWs.jpg" alt="" width="600" height="400" /></p>\r\n<p>&nbsp;</p>\r\n<p>Пресс-служба ЛФК "Шахтёр Садон" побеседовала с защитником команды Антоном Мозговым. Наш футболист подвёл итоги сезона, рассказал об успехах и неудачах команды и разъяснил ситуацию со спонсорством.</p>\r\n<p>&nbsp;</p>\r\n<p><strong>- Здравствуй Антон. Поделитесь своими впечатлениями о прошедшем сезоне, отметьте плюсы и минусы вашей команды.</strong></p>\r\n<p>&nbsp;</p>\r\n<p>- Приветствую. Главным плюсом нашей команды стало само создание клуба. Это &ndash; огромный шаг! И могу сказать, что в дебютный сезон мы не ударили в грязь лицом. Посмотрите, сколько лет существуют многие клубы ЛЛК! При этом они ненамного ушли от нас в футбольном плане, а в плане организации мы и вовсе являемся одними из лучших. Всего за один год мы собрали хорошую команду, способную на достижение больших результатов, сделали сайт, завели группы в ведущих социальных сетях. После каждого матча мы выкладываем сотни фотографий. Такому освещению жизни команды может позавидовать даже &laquo;Алания&raquo;.</p>\r\n<p>Но, конечно, были и негативные стороны. Я недоволен отношением некоторых из наших игроков к команде. Многие считают, что могут не приходить на тренировки, не предупреждать об этом, не ехать на матчи. Это &ndash; очень непрофессионально. И я призываю всех, вне зависимости от места в основе, всегда быть с командой! Также хотелось бы призвать к профессионализму на поле &ndash; давайте не спорить с судьями и не ругаться друг с другом.</p>\r\n<p>&nbsp;</p>\r\n<p><strong>- Под конец сезона ваша команда значительно набрала обороты, и вы могли даже попасть в 8-ку лучших команд, с чем связано такое перевоплощение команды?</strong></p>\r\n<p><strong>&nbsp;</strong></p>\r\n<p>- Безусловно, на игре команды сказался набранный опыт. Многие футболисты нашего клуба до дебютного сезона в ЛЛК никогда не играли на большом поле, специализируясь на мини-футболе, многие никогда не играли с офсайдами. Нам нужно было время. В первых матчах мы действовали слишком хаотично. А в концовке сезона уже появилась организация игры, определился костяк команды. И даже хорошо, что в начале сезона нам противостояли будущие лидеры. Было бы хуже, если бы в начале сезона мы уступили аутсайдерам, а затем были бы вынуждены спасаться от вылета в играх с фаворитами.</p>\r\n<p>&nbsp;</p>\r\n<p><strong>- Что вы можете сказать о развитии команды? что вам удалось сделать, а что так и не удалось воплотить в жизнь? И проясните нам пожалуйста ситуацию со спонсированием команды?</strong></p>\r\n<p>&nbsp;</p>\r\n<p>- Я доволен развитием клуба. Считаю, что всё руководство команды проделало отличную работу. &laquo;Шахтёр Садон&raquo; уже хорошо известен в Осетии, мы уже вышли за пределы одного футбола, став настоящим социальным проектом. А если нам удастся выйти на более высокий футбольный уровень, начать играть в соревнованиях по СКФО, то мы и вовсе сможем привлечь неплохую аудиторию болельщиков. Уверен, что дальше будет ещё лучше. Я вижу запал в глазах наших ребят, вижу, что они стремятся к выходу на более высокий уровень.</p>\r\n<p>По поводу спонсорства, у нас ситуация непростая. Как известно, спонсором команды является &laquo;Академия системного анализа&raquo;. Руководство компании делает всё, чтобы наладить финансирование. Но в самой компании возникла сложная ситуация, связанная с долгами. Местные госструктуры задолжали компании крупную сумму денег. И пока руководство &laquo;Академии&raquo; не вернёт долги, рассчитывать на спонсорскую помощь не приходится. Насколько я знаю, все долги обещали погасить сперва в июне, затем в августе, а теперь ориентируют на сентябрь. Я уверен, что долги будут погашены, но хотелось бы, чтобы это произошло до декабря. Нам очень пригодится спонсорская помощь в новом сезоне. В любом случае хочу поблагодарить &laquo;Академию системного анализа&raquo; за великолепный сайт, который был разработан для команды.</p>\r\n<p>&nbsp;</p>\r\n<p><strong>- Также хотелось бы узнать, как решается вопрос о базировании команды, когда уже команда начнёт проводить матчи на своей родной земле?</strong></p>\r\n<p><strong>&nbsp;</strong></p>\r\n<p><strong>- </strong>К сожалению, я не владею ситуацией, но насколько я знаю, без серьёзного спонсора нам не удастся восстановить стадион в Садоне. Очень хотелось бы начать играть дома, радовать наших болельщиков, которые горячо поддерживают нас. В Алагире нам очень комфортно, там отличный стадион, но дома всегда лучше. Будем надеяться на положительный исход этой ситуации.</p>\r\n<p><strong>&nbsp;</strong></p>\r\n<p><strong>- Какие задачи стоят перед командой на ближайший год. что планируете сделать?</strong></p>\r\n<p>&nbsp;</p>\r\n<p>- Думаю, этот вопрос надо задавать капитану, но я считаю, что мы должны нацеливаться на попадание в Топ-5.</p>\r\n<p><strong>&nbsp;</strong></p>\r\n<p><strong>- Ходят слухи что у ЛФК "Шахтёр Садон" появится вторая команда, правда ли это? И кто будет руководить ей?</strong></p>\r\n<p>&nbsp;</p>\r\n<p>- Мы планируем создать вторую команду, в которой смогут получить игровую практику все футболисты &laquo;Шахтёра&raquo;. И кто знает, может, наша вторая команда будет демонстрировать более высокие результаты, чем первая. Вопрос по руководству второй команды ещё не решен, но я думаю, что ей займётся кто-то из менеджмента &laquo;Шахтёра&raquo;, в первом сезоне мы все набрали хороший управленческий опыт в футболе. Уверен, что появление второй команды положительно скажется на развитии нашего клуба.</p>\r\n<p>&nbsp;</p>\r\n<p><strong>- Ходят также слухи что в команде будет новый главный тренер, насколько эти слухи соответствуют действительности?</strong></p>\r\n<p>&nbsp;</p>\r\n<p>- Мы хотим привлечь к работе нового главного тренера, который сможет с бровки грамотно руководить командой, проводить тренировки. Мы полагаем, что без профессионального тренера команде не удастся прогрессировать нужными темпами. Пока мы присматриваемся к кандидатурам возможных наставников.</p>\r\n<p>&nbsp;</p>\r\n<p><strong>- В середине чемпионата вы получили травму как себя чувствуете на данный момент?</strong></p>\r\n<p><strong>&nbsp;</strong></p>\r\n<p>- Для меня сезон сложился крайне неудачно. Из-за различных травм я пропустил около половины всех поединков команды. Было очень тяжело наблюдать за матчами за стороны. К сожалению, моя повреждённая нога ещё не зажила, в матче с хоккеистами пришлось играть через сильную боль. Но я уверен, что к следующему сезону подойду во все оружии. Восстановление займёт ещё несколько недель.</p>\r\n<p>&nbsp;</p>\r\n<p><strong>- Какие позиции будут усилены? и покинет ли кто-то из игроков, команду?</strong></p>\r\n<p>&nbsp;</p>\r\n<p>- Нам нужна конкуренция на всех позициях. Лишь при здоровой конкуренции мы будем прогрессировать. Поэтому нам нужны новички во все линии. Безусловно, кто-то из наших футболистов покинет команду, думаю, что мы примем взвешенное решение и будем учитывать не только игру &laquo;горняков&raquo;, но и их отношение к команде и делу. Многие перейдут во вторую команду, которая, на мой взгляд, не будет классическим дублем, а станет именно второй командой. Ещё раз подчеркну, что наша вторая команда может играть не хуже первой. Тренировки показывают, что мы можем собрать несколько практически равноценных команд.</p>\r\n<p>&nbsp;</p>\r\n<p><strong>- Также скажите пару слов болельщикам команды, о прошедшем сезоне, и поделитесь ожиданиями на будущее.</strong></p>\r\n<p>&nbsp;</p>\r\n<p>- Я хочу поблагодарить всех, кто болел за нас, кому &laquo;Шахтёр Садон&raquo; не был безразличен. Мы чувствовали вашу поддержку. Особенно отмечу родителей наших футболистов, которые приходили на матчи. Представляю, как они переживали во время любого стыка и травмы. Конечно, пока у нас ещё нет своего фан-клуба, но уверен, что в следующем сезоне у нас будет больше поклонников. В целом прошедший сезон я оценю на четыре по пятибалльной шкале. Сюда я отношу не только результат, но и организацию процесса. В будущем сезоне мы должны выступить на пять с плюсом. У нас есть необходимый потенциал!&nbsp;</p>', 3, 1409608407, 1409608407, '', 0),
(74, 'ФК "Шахтёр Садон" приняли участие в посадке саженцев в г.Беслан', '<p>Футболисты "Шахтёра Садон" приняли участие в посадке саженцев в г. Беслан. Акция была приурочена к траурным мероприятиям 10-летия Бесланской трагедии. Вместе с футболистами на благое дело отправился и капитан ХК "Алания" Марат Арсагов.<br /><br /><img src="http://cs624427.vk.me/v624427604/898/ibyV-thyDPE.jpg" alt="" width="489" height="326" /><br /><em>генеральный директор ФК "Шахтёр Садон" Мозговой Антон</em></p>\r\n<p>&nbsp;</p>\r\n<p><em><img src="http://cs624427.vk.me/v624427604/943/0HQmVIO-O7M.jpg" alt="" width="488" height="325" /><br />капитаны ХК "Алания" и ФК "Шахтёр Садон" Марат Арсагов и Чехоев Сослан</em></p>\r\n<p><em><img src="http://cs624427.vk.me/v624427604/847/TGNv3VGsa5U.jpg" alt="" width="487" height="324" /><br />Игроки ФК "Шахтёр Садон" №88 Васюков Дмитрий(слева), №76 Чехоев Сослан(по центру), №19 Чехоев Чермен(Справа)</em></p>', 1, 1409720859, 1409720859, '<p>Футболисты "Шахтёра Садон" приняли участие в посадке саженцев в г. Беслан.</p>', 0),
(75, 'Беслан, мы помним!', '<p>Сегодня игроки ФК "Шахтёр Садон" и капитан ХК "Алания" Марат Арсагов побывали в г.Беслан и почтили память жертв теракта...<br /><br /><img src="http://cs623720.vk.me/v623720411/c22/m9Vi-E2QYgk.jpg" alt="" width="579" height="771" /><br /><em>город ангелов, "Древо скорби"</em></p>\r\n<p>&nbsp;</p>\r\n<p><img src="http://cs623720.vk.me/v623720411/c54/mOfc5169xT0.jpg" alt="" width="579" height="434" /><br /><em>школа №1 г.Беслан</em></p>\r\n<p>&nbsp;</p>\r\n<p><img src="http://cs623720.vk.me/v623720411/c36/nFK7meaypf8.jpg" alt="" width="580" height="435" /><br /><em>спортивный зал школы №1 г.Беслан</em></p>', 1, 1409783131, 1409783131, '<p>Сегодня игроки ФК "Шахтёр Садон" и капитан ХК "Алания" Марат Арсагов побывали в г.Беслан и почтили память жертв теракта...</p>', 0),
(76, 'ФК "Шахтёр Садон" проводит турнир по мини-футболу среди организаций РСО-Алания', '<p><img src="http://cs622022.vk.me/v622022411/13bb/M9KyFYWBkw4.jpg" alt="" width="660" height="439" /></p>\r\n<p>Руководство и коллектив ФК &laquo;Шахтёр Садон&raquo; приглашает организации и компании РСО-Алания принять участие в любительском турнире по мини-футболу. Турнир будет проходить 27-28 сентября на поле для мини-футбола на Новой набережной (так называемся &laquo;Золотая Корона&raquo;). Вашими соперниками станут любительские команды. Матчи будут проходить в дружелюбной атмосфере корректного соперничества.</p>\r\n<p>Турнир будет активно освещаться в группах ФК &laquo;Шахтёр Садон&raquo; в социальных сетях и на сайте футбольного клуба (fcssadon.ru). Победителей ждёт специальный кубок. Лучшие игроки турнира будут награждены памятными призами, а все команды-участницы получат сувениры с символикой ФК &laquo;Шахтёр Садон&raquo;. <br />Турнир проводится по схеме Чемпионата мира &ndash; все участники будут разделены на группы. В ходе матчей каждый с каждым будут определены по два лучших коллектива каждой группы. Они продолжат борьбу за кубок в плей-офф (матчи на вылет). Планируется участие 8-16 команд (в зависимости от количества поступивших заявок).</p>\r\n<p>Вступительный взнос составляет 2500 рублей с команды. В заявке должны присутствовать от 6 до 10 человек. Каждая команда проведёт не менее трёх матчей.</p>\r\n<p>Принимайте участие в турнире по мини-футболу среди организаций РСО-Алания на призы ФК &laquo;Шахтёр Садон&raquo;! Положительные эмоции и активный досуг для ваших сотрудников гарантирован! А по окончании турнира вы найдёте яркие фотографии на нашем сайте.</p>\r\n<p><strong>По всем вопросам и для регистрации на турнире обращайтесь по телефонам:</strong><br />+7 988 125 60 86<br />+7 960 402 47 62<br /><strong>или эл. почте:</strong><br /><a href="mailto:info@fcssadon.ru" target="_blank">info@fcssadon.ru</a></p>', 1, 1410297527, 1410297569, '<p>Коллектив ФК "Шахтёр Садон" приглашает компании и организации республики принять участие в турнире по мини-футболу.</p>', 0),
(77, 'Голосование на лучшего игрока сезона 2014г', '<p>В официальной группе нашей команды в социальной сети "ВКонтакте" проходит голосование на лучшего игрока сезона 2014 года.<br /><br /><a href="http://vk.com/lfcshakhtersadon">http://vk.com/lfcshakhtersadon</a><br /><br />Проголосовать вы может пройдя по этой ссылке...<br /><br /><img src="http://cs617829.vk.me/v617829604/131d1/0jGRF7FQRJ8.jpg" alt="" width="511" height="340" /></p>', 1, 1410418020, 1410435797, '<p>На официальной страничке клуба в ВКонтакте проходит голосование на лучшего игрока сезона</p>', 1),
(78, 'Ахсар Добаев "Обещаю отдавать все силы на поле"', '<p><strong>Пресс-служба ФК &laquo;Шахтёр Садон&raquo; взяла интервью у новичка команды №7 Добаева Ахсара</strong><br /> <br /><strong> Ахсар, приветствуем тебя в ФК &laquo;Шахтёр Садон&raquo;! Расскажи, что стало причиной твоего перехода в наш клуб?</strong><br /> <br /> Здравствуйте! Причины так таковой нет. &nbsp;Поступило предложение от руководителя ФК &laquo;Шахтер Садон&raquo;, Чехоева Сослана. Он рассказал мне о планах на будущий сезон и поведал цели, которые клуб ставит перед собой. То что команда стремится развиваться, меня очень заинтересовало. Плюс ко всему этом, в течении прошлого сезона ЛЛК, со многими ребятами в команде подружился. <br /> <br /> <strong>Долго ли ты раздумывал над предложением &laquo;горняков&raquo;?</strong><br /> <br /> Предложение поступило в конце июня, я долго взвешивал все &laquo;ЗА&raquo; и &laquo;ПРОТИВ&raquo;. Решение покинуть свой родной ЛФК &laquo;Албарс&raquo; далось очень непросто, &nbsp;ведь я отыграл за эту команду аж 4 сезона. Очень много ярких событий и воспоминаний было связано с этой командой. Но теперь я игрок ФК &laquo;Шахтёр Садон&raquo; и обещаю отдавать все силы на поле.<br /><br /><img src="http://cs14115.vk.me/c616622/v616622804/21567/X_Z7Y-c5VtM.jpg" alt="" width="528" height="528" /><br /><em>№7 Добаев Ахсар</em><br /> <br /> <strong>В этом сезоне ты видел немало матчей нашей команды. Как бы ты оценил игру &laquo;горняков&raquo;? Что понравилось, а что нет?</strong><br /> <br /> В начале сезона команда стартовала неудачно, &nbsp;много невынужденных ошибок &nbsp;допускали, чувствовалась неуверенность в своих силах у многих игроков команды, плюс отвратительная командная игра и невезение. Однако в середине сезона, команда успокоилась и начала &nbsp;показывать содержательный футбол, и показатель тому в последних 8 турах 6 побед и одна ничья. <br /> <br /> <strong>Расскажи немного о себе. О своей футбольной карьере. Какую позицию на поле считаешь своей?</strong></p>\r\n<p>В футбол меня привела моя Мама, на тот момент я учился в 7 классе. Начинал играть за команду из Алагира (Юность), потом перешел в ЛФК &laquo;Албарс&raquo;, спустя некоторое время , меня пригласили в ЛФК &laquo;Фавор&raquo;, решение как и сейчас было трудно принять, но меня поддержал мой тренер, и я перешел к ним. Отыграв за них до конца сезона, на следующий сезон вернулся в &laquo;Албарс&raquo;. До сих пор занимался в &laquo;СКГМИ&raquo;</p>\r\n<p><br /><strong>ФК &laquo;Шахтёр Садон&raquo; активно усиливается перед новым сезоном. Не боишься конкуренции? Готов при необходимости доказывать своё право на место в стартовом составе на тренировках?</strong><br /> <br /> Я не боюсь конкуренции. Это прозвучит банально, но без конкуренции в футболе никуда. Я готов!<br /> <br /> <strong>Какие, на твой взгляд, должны стоять задачи перед &laquo;Шахтёром&raquo; в следующем сезоне?&nbsp;</strong><br /> <br /> Сослан мне дал чётко понять что у команды задача одна выигрывать во всех турнирах в которых клуб принимает участие, основной целью является ЛЛК.<br /> <br /> <strong>Расскажи о собственных целях на сезон? Может, какое-то количество забитых мячей?&nbsp;</strong><br /> <br /> На данный момент цель одна, выиграть чемпионат республики с СКГМИ. Пока что мы идем на первом месте, и дай Бог чтобы так и оставалась до конца сезона. А там уже посмотрим что будет в следующем году за &laquo;горняков&raquo;.<br /> <br /> <strong>Ты уже как-то надевал футболку садонцев. Что можешь сказать о том матче?</strong><br /> <br /> Да помню тот матч. Игра была довольно напряженной, так как нам в начале матча пришлось уже отыгрываться. Но вскоре нам это удалось, если не ошибаюсь Юра Качмазов тогда забил и сравнял счет.<br /> Первый тайм закончился 1-1. И во втором тайме нам удалось дожать соперника. Мне удалось забить 2 гола и мы выиграл в итоге 3-2.<br /> <br /> <strong>Сегодня ты провел свой последний матч за &laquo;Албарс&raquo;. Что бы ты хотел пожелать своим бывшим партнёрам по команде?</strong><br /> <br /> Хочу пожелать ребятам, здоровья ,счастья и успехов во всем, особенно на футбольных полях! Албарс number one in the heart forever.</p>', 3, 1410420881, 1410553877, '<p>Пресс-служба ФК "Шахтёр Садон" пообщалась с новичком команды №7 Ахсаром Добаевым</p>', 2),
(79, 'ФК "Шахтёр Садон" примет участие в Кубке ЛЛК', '<p><img src="http://www.ossetia.tv/wp-content/uploads/2014/09/f3ZX803mONQ-700x350.jpg" alt="" width="500" height="250" /></p>\r\n<p>ЛФК &laquo;Афганка&raquo; отказалась от участия в Кубке ЛЛК. Место &laquo;Афганки&raquo; займёт ФК &laquo;Шахтёр Садон&raquo;. Первые матчи Кубка состоятся уже в ближайшее воскресенье (14-го сентября). В четвертьфинале наша команда сыграет с &laquo;Лидсом&raquo; - чемпионом ЛЛК. Напомним, что по ходу регулярного сезона&nbsp;<a href="../../../matches/7" target="_blank">&laquo;Шахтёр Садон&raquo; уступил &laquo;Лидсу&raquo; со счётом 1:5.</a></p>\r\n<p><strong>Календарь матчей:</strong></p>\r\n<p><strong>13 сентября, суббота</strong></p>\r\n<p>&laquo;Шалдон-Ч&raquo; - &laquo;РиК&raquo;, 12:00</p>\r\n<p><strong>14 сентября, воскресенье</strong></p>\r\n<p>&laquo;Феникс&raquo; - &laquo;Алания&raquo;, 13:45</p>\r\n<p>&laquo;Бам&raquo; - &laquo;Шалдон&raquo;, 15:30</p>\r\n<p>&laquo;Лидс&raquo; - &laquo;Шахтер Садон&raquo;, 17:30</p>\r\n<p>Все матчи будут проходить во Владикавказе на стадионе &laquo;Металлург&raquo;.</p>\r\n<p><img src="http://cs624625.vk.me/v624625411/1ac8/lSNQt64BKpM.jpg" alt="" width="604" height="339" /></p>', 1, 1410445243, 1410449742, '<p>В связи с отказом "Афганки" от участия в Кубке ЛЛК, восьмым участником турнира станет "Шахтёр Садон".</p>', 0);
INSERT INTO `articles` (`id`, `title`, `full_text`, `category_id`, `created_at`, `updated_at`, `preview`, `vk_comments_count`) VALUES
(80, 'В 10-ти минутах от сенсации', '<p>Кубок ЛЛК&hellip;<br />&frac14; финала&hellip;<br /><br />ФК &laquo;Шахтёр Садон&raquo; всего лишь за 3 дня до матча узнал что он заменит ЛФК &laquo;Афганка&raquo; в кубке ЛЛК. Команда в экстренном порядке была собрана, вернулись практически все игроки команды за исключением Еналдиева и Васина. Под вопросом было участие в матче Сошкина, Мозгового, Засеева. Однако все они присутствовали на поле в этот воскресный день.&nbsp;<br /><br />В отсутствии главного бомбардира команды, садонцы решили изменить свою тактическую схему и прибегнуть к схеме 4-2-4, без ярко выраженного нападающего. Стоит отметить что в опорной зоне в пару к капитану команды Чехоеву С. вышел Елоев, который к слову сыграл практически безошибочно. Но перейдём непосредственно к игре.&nbsp;<br /><br />Памятуя о крупном поражение от &laquo;Лидса&raquo;, &laquo;горняки&raquo; начали очень осторожно, избрав контратакующий стиль игры. Однако первую опасную атаку провели именно &laquo;садонцы&raquo; Качмазов хорошо прошёл по правому флангу, однако его прострел прервал защитник. После этого игра перешла на половину поля &laquo;горняков&raquo;, но до особой остроты не доходило.&nbsp;<br /><br />В одной из атак &laquo;Лидс&raquo; давил давил на левый фланг обороны &laquo;Шахтёра&raquo;, после перевода слева направо, никто из игроков не успел закрыть игрока &laquo;Лидса&raquo; который с помощью рикошета отправил мяч в сетку. 0:1.<br /><br />После гола игра приобрела совсем другой поворот, &laquo;садонцы&raquo; чаще атаковали, &laquo;Лидс&raquo; же больше уповал на контратаки. В одной из атак Чехоев С. хорошо поборолся в центре поля, переправив мяч на Качмазова, который в свою очередь вывел на рандеву с голкипером Добаева, тот посадив вратаря на газон, переправил мяч в сетку. 1:1. До конца первого тайма ничего острого уже не произошло.&nbsp;<br /><br />После перерыва &laquo;горняки&raquo; провели хорошую атаку по левому флангу, Васюков и Качмазов сыграв в стенку, отправили Качмазова один на один с защитником, тот раскачав защитника прокинул мяч на ход, и получил по ногам . ПЕНАЛЬТИ!<br /><br />Сам пострадавший же подошёл к мячу, и раскидал мяч и вратаря по разным углам. 2:1.&nbsp;<br /><br />И словно сами не поверив в свой успех &laquo;горняки&raquo; стали прижиматься к воротам. После углового выручил Пухаев. Когда после удара с метра, он вытащил мяч из угла.&nbsp;<br />До конца матча оставалось порядка 10-12 минут. Когда &laquo;Лидс&raquo; всё-таки сравнял счёт, после серии рикошетов, мяч в ворота команды отправил Сасиев.Т. 2:2.<br />Приближался конец матча, и когда все уже думали о серии пенальти, случился момент который ещё долго буду обсуждать. Касаев выбежал один на один, вратарь не успев к мячу зацепил игрока как показалось арбитру. К мячу подошёл Сасиев, и отправил мяч в левый от вратаря угол. 3:2.&nbsp;<br /><br />Как позже выяснится, это была симуляция. Однако нам от этого не легче. Мне не в чем упрекнуть команду, бились как могли. Просто &laquo;Лидс-12&raquo; на данный момент сильнее. Поздравляем их с выходом в полуфинал!&nbsp;<br /><br />Голы забили: Добаев, Качмазов (п)<br /><br />Состав команды:<br />№1 Пухаев (в)<br />№34 Сошкин<br />№19 Чехоев Ч. &gt;&lt; (№5 Асалиев)<br />№2 Лолаев<br />№88 Васюков<br />№76 Чехоев С. (к)<br />№93 Елоев<br />№7 Добаев<br />№11 Магкеев &gt;&lt; (№3 Засеев)<br />№22 Качмазов<br />№92 Худошин &gt;&lt; (№99 Гобеев)&nbsp;</p>', 1, 1410725107, 1410774902, '<p>В матче четвертьфинала кубка ЛЛК, ФК "Шахтёр Садон" уступил в упорной борьбе ЛФК "Лидс-12" со счётом 2:3.</p>', 0),
(81, 'Трансферы', '<p>Сразу несколько игроков покидают ФК "Шахтёр Садон", и весь следующий год проведут в ФК "Галон" это:<br /><br />№39 Хамикоев<br />№21 Чехоев И.<br />№85 Мозговой<br />№90 Осепов<br />№8 Васин<br />№17 Кучиев<br />№15 Хабалов<br /><br />Также в следующем сезоне в команде не будет №23 Джикаев, но его дальнейшая судьба пока что неизвестна...&nbsp;<br /><br />Желаем удачи парням!</p>', 1, 1410775095, 1410775095, '<p>Несколько игроков команды переходят в ФК "Галон"</p>', 0),
(82, 'Создание Фарм-клуба', '<p><img src="http://cs624221.vk.me/v624221411/1b14/sJUJzo2S1Jc.jpg" alt="" width="549" height="547" /></p>\r\n<p>&nbsp;</p>\r\n<p>И так сегодня 15 сентября зародился ещё один клуб,</p>\r\n<p>http://vk.com/fcgalon</p>\r\n<p>ФК "Галон"...</p>\r\n<p>В руководящий состав которого войдут:</p>\r\n<p>Руководитель команды: Мозговой Антон.<br />Зам.руководителя команды: Бзыков Олег.<br />Генеральный директор команды: Кучиев Артур.<br />Зам. генерального директора команды: Чехоев Ибрагим.<br />Руководитель селекционной службы: Хамикоев Алэн.</p>', 1, 1410775667, 1410775667, '<p>15 сентября 2014г зародился ФК "Галон"</p>', 0),
(83, 'С Днём Рождения!', '<p>ФК "Шахтёр Садон" поздравляет с Днём Рождения своего полузащитника Магкеева Асланбека, и желает ему счастья, крепкого здоровья и успехов по жизни! Дзабах нын у...!<br /><br /><img src="http://cs617829.vk.me/v617829604/1465c/nW3a1wNJ5q0.jpg" alt="" width="595" height="396" /></p>', 1, 1410817279, 1410817279, '<p>Сегодня свой День Рождения празднует ветеран команды Магкеев Асланбек</p>', 0);

-- --------------------------------------------------------

--
-- Структура таблицы `categories`
--

DROP TABLE IF EXISTS `categories`;
CREATE TABLE IF NOT EXISTS `categories` (
  `id` int(11) unsigned NOT NULL AUTO_INCREMENT,
  `value` varchar(255) NOT NULL,
  `created_at` int(11) DEFAULT NULL,
  `updated_at` int(11) DEFAULT NULL,
  PRIMARY KEY (`id`)
) ENGINE=InnoDB  DEFAULT CHARSET=utf8 AUTO_INCREMENT=6 ;

--
-- Дамп данных таблицы `categories`
--

INSERT INTO `categories` (`id`, `value`, `created_at`, `updated_at`) VALUES
(1, 'Новости', 1397389197, 1397389221),
(2, 'Контакты', 1399543271, 1399543271),
(3, 'Интервью', 1404219072, 1404219072),
(4, 'Фонд "Быть добру"', 1404219077, 1404219077),
(5, 'Клуб', 1404219086, 1404219086);

-- --------------------------------------------------------

--
-- Структура таблицы `events`
--

DROP TABLE IF EXISTS `events`;
CREATE TABLE IF NOT EXISTS `events` (
  `id` int(11) unsigned NOT NULL AUTO_INCREMENT,
  `value` varchar(255) NOT NULL,
  `created_at` int(11) DEFAULT NULL,
  `updated_at` int(11) DEFAULT NULL,
  PRIMARY KEY (`id`)
) ENGINE=InnoDB  DEFAULT CHARSET=utf8 AUTO_INCREMENT=4 ;

--
-- Дамп данных таблицы `events`
--

INSERT INTO `events` (`id`, `value`, `created_at`, `updated_at`) VALUES
(1, 'Гол', NULL, NULL),
(2, 'Жёлтая карточка', NULL, NULL),
(3, 'Красная карточка', NULL, NULL);

-- --------------------------------------------------------

--
-- Структура таблицы `matches`
--

DROP TABLE IF EXISTS `matches`;
CREATE TABLE IF NOT EXISTS `matches` (
  `id` int(11) unsigned NOT NULL AUTO_INCREMENT,
  `team_1_id` int(11) NOT NULL,
  `team_2_id` int(11) NOT NULL,
  `status_id` int(11) NOT NULL DEFAULT '1',
  `season_id` int(11) NOT NULL,
  `date` int(11) DEFAULT NULL,
  `name` varchar(255) NOT NULL,
  `team_1_goals` int(11) DEFAULT NULL,
  `team_2_goals` int(11) DEFAULT NULL,
  `team_1_lineup` text,
  `team_2_lineup` text,
  `add_data` text,
  `created_at` int(11) DEFAULT NULL,
  `updated_at` int(11) DEFAULT NULL,
  `vk_comments_count` int(11) NOT NULL DEFAULT '0',
  PRIMARY KEY (`id`)
) ENGINE=InnoDB  DEFAULT CHARSET=utf8 AUTO_INCREMENT=21 ;

--
-- Дамп данных таблицы `matches`
--

INSERT INTO `matches` (`id`, `team_1_id`, `team_2_id`, `status_id`, `season_id`, `date`, `name`, `team_1_goals`, `team_2_goals`, `team_1_lineup`, `team_2_lineup`, `add_data`, `created_at`, `updated_at`, `vk_comments_count`) VALUES
(2, 4, 17, 2, 3, 1404072000, 'Тур 10', 3, 2, '№1 Пухаев (в)\r\n№2 Лолаев\r\n№19 Чехоев Ч.\r\n№34 Сошкин\r\n№88 Васюков\r\n№76 Чехоев С. (к)\r\n№11 Магкеев >< (№21 Чехоев И.)\r\n№22 Качмазов >< (№90 Осепов)\r\n№92 Худошин >< (№23 Джикаев)\r\n№13 Тедеев >< (№8 Васин)\r\n№9 Еналдиев\r\n\r\nЗапасные:\r\n№17 Кучиев', '№1 Пухаев (в)\r\n№2 Лолаев\r\n№19 Чехоев Ч.\r\n№34 Сошкин\r\n№88 Васюков\r\n№76 Чехоев С. (к)\r\n№11 Магкеев >< (№21 Чехоев И.)\r\n№22 Качмазов >< (№90 Осепов)\r\n№92 Худошин >< (№23 Джикаев)\r\n№13 Тедеев >< (№8 Васин)\r\n№9 Еналдиев\r\n\r\nЗапасные:\r\n№17 Кучиев', '<p>После выигранной встречи над ЛФК &laquo;Осетинка&raquo; в матче с &laquo;ПАО&raquo; от &laquo;горняков&raquo; все ждали только победы, матч получился очень жаркий по накалу, и с кучей судейских ошибок. <br /><br />В связи с отсутствием до конца чемпионата Засеева, нужно было кем-то заменить его в центре полузащиты, выбор пал на Качмазова который не подвёл. Схема была такой же как и в прошлом матче с ЛФК &laquo;Осетинка&raquo; 4-1-2-2-1. Перейдём непосредственно к матчу. <br /><br />Матч начался с получасовой задержкой. И в эту дождливую погоду команды показали жаркий футбол. <br /><br />В начале матча уже по неприятной для себя традиции &laquo;горняков&raquo; пропустили гол в свои ворота, нападающий &laquo;ПАО&raquo; сместился справого фланга в центр и пробил в ближний угол ворот. Мяч оказался в сетке ворот. 0:1. <br /><br />И тут понеслась игра в главной роли которой к сожалению выступили главный судья матча. Ошибаясь раз за разом, игроки начали играть достаточно грубо и грязно. &laquo;Горняки&raquo; безуспешно пытались атаковать ворота соперников практически на протяжении всего первого тайма.<br /><br />Под конец первого тайма после навеса Лолаева, защитник команды &laquo;ПАО&raquo; прервал навес рукой, и судья указал на точку. Пенальти бить вызвался капитан команды Чехоев С, который уверенно переиграл вратаря, отправив его в правый от себя угол, и покатив мяч в левую сторону ворот. 1:1<br /><br />Первый тайм так и завершился вничью. 1:1.<br /><br />В начале второго тайма &laquo;горняки&raquo; сразу же начали атаковать ворота соперников. И вот в середине первого тайма случился эпизод который ещё долго можно обсуждать. После фола на Худошине судья назначает штрафной удар. К мячу подходит Чехоев С, который не просит судью отодвигать стенку на 9 метров, судья не показав бьющему что удар должен исполняться по свистку начинает отодвигать стенку, после чего Чехоев С., наносит удар и мяч оказывается в воротах. Казалось бы 100% гол, но судья почему то решил его не засчитывать что привело к жарким спорам, в ходе которого желтые карточки получили №9 Еналдиев и №11 Магкеев, тут уже нервы не выдержали у №76 Чехоев С, который вырвал карточку из рук у рефери, за что был удалён с поля. Счёт матча остался прежним. 1:1.<br /><br />&nbsp;Оставшись вдесятером,&nbsp; горняки усилиями Еналдиева вышли вперёд, он классно обыграл защитника и пробил впритирку со штангой без шансов для вратаря. 2:1 <br /><br />Тут же на первую роль во встречи опять решил выйти судья, после фола нашего игрока &laquo;ПАО&raquo; решили быстро разыграть мяч и просто пнули в Еналдиева, который не делал движения к мячу он ринулся в контратаку перехватив мяч, защитник &laquo;ПАО&raquo; бросился в подкат и девятка &laquo;горняков&raquo; (Еналдиев прим.Авт.) случайно наступил на него, после чего тоже был удалён с поля. <br /><br />После этого эпизода на поле горняков осталось опять 10 игроков, судья этого не заметив продолжил игру. После того как вратарь &laquo;ПАО&raquo; подсчитал игроков судья вывел одного из игроков &laquo;Шахтёра&raquo;. Матч продолжился.<br /><br />&nbsp;И тут опять на первую роль выходит судья, после удара локтём в лицо рассечение получает Васюков, однако судья увидел фол со стороны 88 номера &laquo;горняков&raquo;. И назначил штрафной в сторону ворот &laquo;горняков&raquo; после которого мяч оказался в воротах садонцев. После удара со штрафного Пухаев не сумел зафиксировать мяч, и игрок &laquo;ПАО&raquo; добил мяч в ворота. 2:2. Однако и этого судье оказалось мало за неспортивное поведение он удаляет третьего игрока нашей команды Чехоева Ч., после чего произошла небольшая потасовка, но всё благополучно решилось и матч продолжился. <br /><br />Казалось бы играем ввосьмером, запритись в своей штрафной и играйте на отбой. Однако &laquo;горняки&raquo; сумели убежать в контратаку и после прохода Васина, защитник &laquo;ПАО&raquo; сыграл рукой и судья показал на точку. К мячу подошёл Магкеев и уверено забил его, пробив впритирку со штангой. 3:2.<br /><br />После этого произошли ещё пару спорных ситуаций в которых судья мягко говоря принимал странные решения. Сыграв 6 дополнительных минут и отстояв свои ворота, &laquo;горняки&raquo; одерживают волевую победу со счётом 3:2. <br /><br />Благодарим команду &laquo;ПАО&raquo; за игру.</p>', 1404245034, 1404281528, 0),
(3, 4, 16, 2, 3, 1403985600, 'Тур 9', 3, 2, 'Состав команды:\r\n\r\n№1 Пухаев (в)\r\n№2 Лолаев\r\n№34 Сошкин\r\n№19 Чехоев Ч.\r\n№88 Васюков\r\n№3 Засеев\r\n№76 Чехоев С. (к)\r\n№11 Магкеев\r\n№92 Худошин >< (№8 Васин)\r\n№13 Тедеев >< (№22 Качмазов)\r\n№9 Еналдиев\r\n\r\nЗапасные:\r\n№21 Чехоев И.\r\n№85 Мозговой\r\n№23 Джикаев\r\n№90 Осепов\r\n№17 Кучиев', '', '<p>22 июня в г.Алагир произошло действительно историческое событие ЛФК &laquo;Шахтёр Садон&raquo; одержал первую победу в своей новой истории. На матч тренер команды хозяев, поменял тактику сыграв в 4-2-1-2-1. Создав крепкий кулак в центре поля, состоявший из Чехоев С, Засеева и Магкеева. Которые справились со своей задачей на твёрдую 4-ку. Перейдём к игре.<br /><br />Начало матча команды начали резво. И уже минуте на 3-й гости повели в счёте, после удара из-за пределов штрафной мяч угодил в Магкеева и по красивейшей траектории залетел в ворота. 0:1&nbsp;<br /><br />Не падая духом &laquo;горняки&raquo; собрались и провели несколько неплохих атак.<br /><br />После подачи со штрафного Худошин казалось бил головой с метра наверняка, но мяч прошёл рядом со штангой. Множество дальних ударов, не давали отдыхать вратарю соперников. В одном из моментов садонцы не успели вернуться, и нападающий соперников вышел один на один с вратарём, Пухаев выручил.&nbsp;<br /><br />В одной из атак Еналдиев, закидывал мяч на ход Худошина, защитник &laquo;Осетинки&raquo; прервал заброс рукой, но судья наградил его лишь жёлтой карточкой. После заброса на ход Еналдиеву, тот выбежал один на один, но пробил прям во вратаря! Первый тайм так и завершился со счётом 0:1 в пользу гостей.<br /><br />На второй тайм изменений в составе не произошло. И &laquo;горняки&raquo; сломали неприятную для себя тенденцию пропускать гол в начале второго тайма. Спустя 10-15 минут со старта второго тайма, Еналдиев прекрасно разобрался с обороной соперника и отдал пас на Худошина, который послал мяч в сетку ворот 1:1.<br /><br />После гола садонцы успокоились, за что спустя 10 минут получили мяч в сетку своих ворот. После углового мяч в сетку ворот срезал капитан команды, Чехоев С. 1:2<br /><br />До конца матча оставалось минут 6 когда всё тот же Еналдиев разобрался в штрафной площадке соперника, обыграл защитника и пробил по воротам. Вратарь не выручил. 2:2<br /><br />Почувствовать запах крови, садонцы шли вперёд и после прекрасного прохода Засеева по левому флангу, он прострелил в штрафную, защитник соперника перехватил мяч, но выбивая угодил в ногу Еналдиеву и отскочил в ворота 3:2.&nbsp;<br /><br />Сразу же после этого гости могли отыграться, но после удара с метра, Пухаев выручил. После чего стало ясно, &laquo;горняки&raquo; не упустят свою победу. Дважды проигрывав после автоголов, они проявили характер и вырвали волевую победу!&nbsp;<br /><br />Спасибо ЛФК &laquo;Осетинке&raquo; за мужскую игру!!!</p>', 1404247110, 1404249380, 0),
(4, 4, 18, 2, 3, 1404590400, 'Тур 11', 3, 0, '', '', '<p>В матче 11-го тура чемпионата ЛЛФК, ЛФК "Шахтёр Садон" должны были принимать гостей из Владикавказа ЛФК "Фортуна". Но как уже известно команда отказалась от участия в чемпионате, и таким образом техническая победа присуждена ЛФК "Шахтёр Садон" со счётом 3:0.</p>', 1404249982, 1404702999, 0),
(5, 4, 10, 2, 3, 1397937600, 'Тур 1', 1, 1, '№22 Качмазов (в)\r\n№3 Засеев\r\n№4 Албегов\r\n№2 Лолаев\r\n№19 Чехоев Ч.М. -> <- (№33 Илаев)\r\n№7 Болатаев\r\n№76 Чехоев С.(к) -> <- (№5 Асалиев)\r\n№11 Магкеев -> <- (№85 Мозговой)\r\n№92 Худошин\r\n№88 Васюков -> <- (№23 Джикаев)\r\n№9 Еналдиев\r\n\r\nЗапасные игроки:\r\n\r\n№21 Чехоев И.\r\n№15 Хабалов', '', '<p>"Скорее потеряли два очка, нежели набрали одно..."<br /><br />ЛФК "<span class="match">Шахтёр</span>&nbsp;<span class="match">Садон</span>" дебютировал в чемпионате ЛЛК в матче с алагирской командой "<span class="match">Албарс</span>".&nbsp;<br /><br />Дерби двух команд с Алагирского района было захватывающим. Дебютанты турнира избрали контратакующий стиль игры с мощным центром полузащиты.&nbsp;Первый опасный момент возник у ворот&nbsp;<span class="match">Албарс</span>а когда Худошин ворвался в штрафную площадку соперника, и вратарь соперника просто срубил нашего полузащитника, казалось бы стопроцентный пенальти, но судья по непонятным для меня причинам отодвинул мяч на 3 метра поставив штрафной удар. Капитан горняков пробил в стенку и был назначен всего лишь угловой.<br /><br />В середине первого тайма же алагирцам удалась хорошая контратака, и нападающий их команды выйдя один на один, пробил мимо. Получив "пощёчину" горняки собрались, и провели образцовую атаку, Еналдиев получив мяч в центре убежал от защитника соперников и точно навесив, нашёл голову Болатаева, который отправил мяч в сетку ворот соперника. 1:0<br /><br />После гола игра выравнилась, и мяч в ворота нашей команды просто не подлежит обсуждению. Когда 4 игрока соперника находятся ближе к воротам нежели вратарь наш, и ни главный судья, ни его ассистент этого "не видят", то какие комментарии тут ещё могут быть?<br /><br />Второй тайм прошёл на встречных курсах, два удара Магкеева и Засеева с дальних дистанций, последний кстати попал в перекладину. И два 100% шанса у&nbsp;<span class="match">Албарс</span>а, выход один на один, и опять мяч идёт мимо. А после, прострел с фланга замыкал игрок алагирской команды, но пробил выше. Вот собственно всё. Комментировать как либо судейство не будем...!<br /><br />Также стоит отметить что перед матчем состоялось торжественной открытие ЛЛК в г.Алагир. Фотоотчёт будет немного позже.<br /><br />Спасибо алагирцам за игру! И удачи нашим командам!</p>', 1404252275, 1404252386, 0),
(6, 4, 11, 2, 3, 1398542400, 'Тур 2', 0, 2, 'Состав команды:\r\n№1 Пухаев\r\n№22 Качмазов -><- (№90 Осепов)\r\n№4 Албегов\r\n№76 Чехоев С.\r\n№2 Лолаев\r\n№34 Сошкин -><- (№85 Мозговой)\r\n№7 Болатаев\r\n№23 Джикаев -><- (№11 Магкеев)\r\n№8 Васин -><- (№ 92 Худошин)\r\n№19 Чехоев Ч.М -><- (№3 Засеев)\r\n№9 Еналдиев -><- (№15 Хабалов)\r\n\r\n__________________________________\r\n\r\nЗапасные:\r\n№25 Хамикоев\r\n№21 Чехоев И.', '', '<p>Во втором туре чемпионата ЛЛФК в г.Алагир встречались команды ЛФК "<span class="match">Шахтёр</span>&nbsp;<span class="match">Садон</span>" и ЛФК "<span class="match">Феникс</span>". Пару слов об играх первого тура, горняки сыграли вничью в дерби алагирского района с ЛФК "Албарс" 1:1, а ЛФК "<span class="match">Феникс</span>" отгрузил целых 10 мячей в ворота ЛФК "ПАО". Команды занимали 8<span class="match">-</span>ое и 1<span class="match">-</span>ое место соответственно.&nbsp;<br /><br />На команду из&nbsp;<span class="match">Садон</span>а не ставил никто, в конкурсе прогнозов были такие счета как 1:11, 0:5 и 1:7 в пользу "<span class="match">Феникс</span>а".&nbsp;<br /><br />Однако игра показала что без боя проигрывать горняки не собираются. В этом матче у них с первых минут дебютировали 4 игрока. Проведя первые минут 10 в хорошем ритме горняки даже получили возможность забить отличиться, Еналдиев вышел на рандеву, однако судья вместо того чтоб дать доиграть эпизод до конца, решил назначить штрафной. Удар с которого парировал вратарь.<br /><br />После этого игра складывалась уже только под диктовку команды с Владикавказа. А горняки в свою очередь пытались контратаковать. Пару раз&nbsp;<span class="match">садон</span>цев выручил их вратарь Пухаев, который к слову отстоял очень даже солидно в воротах.&nbsp;<br /><br />Первый гол же пришёл после проникающего паса полузащитника гостей, нападающий выйдя один на один против вратаря, перекинул мяч через него, однако Качмазов догнав мяч на линии, не сумел его выбить хорошо, угодив в игрока соперника, и тот предательский перескочил за линию ворот. 0:1<br /><br />В концовке первого тайма Васин имел возможность поразить ворота соперников однако удар с линии штрафной оказался в сторону от ворот.&nbsp;<br /><br />Во втором тайме же горняки пытались ликвидировать отставание в один мяч, пару раз на фланге хорошо сыграл Худошин заработав пару штрафных ударов. Из которых к сожалению горняки выжать ничего не смогли. А гол же в ворота&nbsp;<span class="match">садон</span>цев получился мягко говоря нелепым. После навеса со штрафного почти у углового флажка, Магкеев совсем немножко не дотянулся до мяча, а сзади его уже караулил игрок соперников, который ударом от земли попал в девятку ворот Пухаева. 0:2<br /><br />После этого в матче практически ничего не произошло. Поздравляем соперников с победой! И благодарим за игру!</p>', 1404252570, 1404253020, 0),
(7, 4, 1, 2, 3, 1399147200, 'Тур 3', 1, 5, 'Состав команды:\r\n№1 Пухаев\r\n№3 Засеев\r\n№4 Албегов -><- (№11 Магкеев)\r\n№2 Лолаев \r\n№19 Чехоев Ч.М. -><- (№85 Мозговой)\r\n№34 Сошкин -><- (№21 Чехоев И.)\r\n№76 Чехоев С. -><- (№39 Хамикоев)\r\n№8 Васин -><- (№22 Качмазов)\r\n№92 Худошин -><- (№5 Асалиев) \r\n№9 Еналдиев -><- (№17 Кучиев)\r\n№99 Короев -><- (№15 Хабалов)', '', '<p>Побед, без поражений не бывает"<br /><br />В матче 3<span class="match">-</span>го тура аутсайдер турнира "<span class="match">Шахтёр</span>&nbsp;<span class="match">Садон</span>" встречался с фаворитом турнира "<span class="match">Лидс-</span>12" многим казалось что исход матча предрешён ещё за долго до начала матча. Но игра в первом тайме "горняков" заставила поверить их болельщиков что во втором тайме у них будут шансы спасти игру. Но быстрый пропущенный гол в начале 2<span class="match">-</span>го тайма. Сломал команду морально.И в итоге как итог крупное поражение от&nbsp;<span class="match">Лидс</span>а, со счётом 1:5. Спасибо соперникам за мужскую игру!</p>', 1404253092, 1404253151, 0),
(8, 4, 5, 2, 3, 1399752000, 'Тур 4', 1, 2, '№1 Пухаев\r\n№21 Чехоев И. -><- (№92 Худошин)\r\n№3 Засеев\r\n№22 Качмазов -><- (№8 Васин)\r\n№2 Лолаев -><- (№19 Чехоев Ч.М.\r\n№76 Чехоев С.\r\n№7 Болатаев -><- (№11 Магкеев)\r\n№34 Сошкин\r\n№99 Короев -><- (№23 Джикаев)\r\n№88 Васюков -><- (№4 Албегов)\r\n№17 Кучиев -><- (№9 Еналдиев)\r\n\r\nЗапас:\r\n№39 Хамикоев\r\n№85 Мозговой\r\n№90 Осепов\r\n№5 Асалиев', '', '<p>ЛФК "Шахтёр Садон" потерпел очередное поражение от ЛФК "Джанрос".&nbsp;В равной игре всё решила единственная ошибка.</p>\r\n<p>С начала матча ЛФК "Шахтёр Садон" начал штурмовать ворота соперника, угловые у ворот "Джанрос" шли один за другим. Но воплотить их в гол не получилось. В одной из контратак игрок Джанроса вырывался один на один, и Чехоев И. зацепил игрока соперника сорвав тем самым опасную атаку.&nbsp;</p>\r\n<p>Затем игра выровнялась горняки пытались атаковать в итоге первыми достали мяч из сетки ворот. После исполнения штрафного удара, мяч оказался в сетке наших ворот, как видели многие из положения вне игры, однако боковой судья, офсайда не увидел. И "Джанрос" повёл 0:1.<br /><br />В первом тайме команды опасных моментов больше не создали.<br /><br />Во втором тайме горняки перестроили игру в два нападающих, что принесло свой результат, после шикарного паса от Сошкина, Еналдиев вышел один на один с вратарём и пустил мяч между ног вратаря. Так счёт стал 1:1.<br /><br />Сразу же после гола "горняки" имели возможность выйти вперёд после стенки между Качмазовым и Еналдиевым, второй выскочил один на один с вратарём но пробил в небеса.&nbsp;<br /><br />Тут сработала старая футбольная мудрость "Не забиваешь ты, забивают тебе!". После ошибки Лолаева, Бугулов забрал мяч и внешней стороной вырезал пас на набегавшего Алборова, который с двух метров не промазал. 1:2. Отчаянные попытки горняков отыграться, результата не принесли.&nbsp;<br /><br />Благодарим наших друзей за игру! Поздравляем с победой! И желаем успехов в дальнейшем! Нам же не стоит отчаиваться, сыграли достойно, но нужно доигрывать каждый момент. Ошибки нам прощать никто не собирается. Также хотим отметить главного судью матча, который блестяще контролировал ход игры! И заслужил свои 5+ за матч.</p>', 1404253501, 1404253584, 0),
(9, 4, 2, 2, 3, 1400270400, 'Тур 5', 2, 5, '№39 Хамикоев (гк) >< (№23 Джикаев) >< (№5 Асалиев)\r\n\r\n№2 Лолаев\r\n\r\n№3 Засеев >< (№19 Чехоев)\r\n\r\n№4 Албегов >< (№85 Мозговой)\r\n\r\n№34 Сошкин\r\n\r\n№11 Магкеев >< (№17 Кучиев)\r\n\r\n№88 Васюков >< (№97 Джигкаев)\r\n\r\n№92 Худошин >< (№90 Осепов)\r\n\r\n№7 Болатаев\r\n\r\n№13 Тедеев\r\n\r\n№76 Чехоев С. (к)\r\n\r\nЗапасные:\r\n\r\n№21 Чехоев И.\r\n\r\n№15 Хабалов\r\n', 'Масленников (гк)\r\n\r\nАбаев >< (Джимиев)\r\n\r\nАлборов >< (Агасиев)\r\n\r\nБароев\r\n\r\nДудаев >< (Коцоев)\r\n\r\nЦакоев\r\n\r\nКокаев >< (Туриев)\r\n\r\nУртаев\r\n\r\nАфашоков >< (Балоев)\r\n\r\nКамболов (к)\r\n\r\nДарчиев', '<p>В 5-м туре чемпионата Лиги любительских команд футболисты ЛФК &laquo;Шахтёр Садон&raquo; встречались с лидером &ndash; ЛФК &laquo;Афганка&raquo;. Поединок проходил на стадионе &laquo;Юность&raquo; в 12:00. В этот день во Владикавказе установилась по-настоящему летняя погода: столбик термометра подскочил до +29 градусов. Играть в такой зной было очень сложно. Темп игры был невысоким, а футболистам приходилось делать паузы для приёма воды.</p>\r\n<p>Перед этим матчем &laquo;горняки&raquo; столкнулись с серьёзными кадровыми проблемами. В поединке не смогли принять участие основные нападающие команды &ndash; Еналдиев и Короев. Так же отсутствовали Качмазов и Васин. Но самое главное, что матч пропускал голкипер Пухаев. В отсутствии основного стража ворот выйти на поле пришлось третьему вратарю команды Хамикоеву. Нехватка опыта игры на большом поле сразу сказалась на действиях юного голкипера. Уже к 10-й минуте встречи &laquo;горняки&raquo; пропустили два мяча. Сперва Дудаев&nbsp;здорово исполнил стандарт, пробив в угол ворот. А затем&nbsp;Цакоев&nbsp;отметился отличным дальним ударом. Тем не менее, эти выстрелы не должны были стать фатальными.</p>\r\n<p>После столь обескураживающего начала тренерскому штабу ЛФК &laquo;Шахтёр Садон&raquo; пришлось делать перестановки. Место в воротах занял Чехоев Сослан, а в центр поля вышел Джикаев Майрам.<br /><br />С новым голкипером футболисты &laquo;Шахтёра&raquo; заиграли увереннее и отодвинули игру от своих ворот. Впрочем, &laquo;Афганка&raquo; по-прежнему владела преимуществом, а у ворот Чехоева то и дело возникали опасные моменты. И в середине первого тайма соперник довёл счёт до крупного: провал на правом фланге обернулся острой контратакой &laquo;Афганки&raquo; и ударом с убойной позиции.</p>\r\n<p>При счёте 0:3 дебютанты ЛЛК встрепенулись. И надежду на камбэк &laquo;горнякам&raquo; подарил новобранец клуба Тедеев. Он выскочил один на один с голкипером &laquo;Афганки&raquo;, переиграл его и уже готовился бить в пустые ворота, но страж ворот соперника сбил нашего форварда. Арбитр указал на 11-метровую отметку, хотя нарушение представляло собой фол последней надежды, голкипер &laquo;Афганки&raquo; даже не удостоился горчичника! Тем не менее, Тедеев здорово исполнил 11-метровый удар, сократив разрыв в счёте.</p>\r\n<p>Но и на этом первая половина встречи не закончилась. В концовке тайма соперники обменялись результативными атаками. Сперва &laquo;Афганка&raquo; воспользовалась очередной ошибкой обороны &laquo;горняков&raquo;, а затем уже Худошин отметился своим первым мячом в сезоне. Вингер садонцев здорово пробил в дальний угол &ndash; 2:4!</p>\r\n<p>После перерыва игра немного успокоилась. Было заметно, что футболистам обеих команд любые рывки давались с огромным трудом. &laquo;Шахтёр Садон&raquo; и &laquo;Афганка&raquo; начали проводить замены, дабы хоть немного освежить игру.</p>\r\n<p>Второй тайм получился относительно равным. Футболисты &laquo;Шахтёра&raquo; не реализовали несколько опасных атак, но и Чехоеву приходилось трудиться, не покладая рук. А уже на последних минутах встречи точку в матче поставили футболисты &laquo;Афганки&raquo;. Удар с дальней дистанции получился идеально точным: мяч от штанги влетел в сетку &ndash; 2:5!</p>\r\n<p>Хоть &laquo;горняки&raquo; и проиграли, но продемонстрировали желание бороться до конца. А, учитывая тот факт, что соперниками дебютантов-садонцев был лидер чемпионата, счёт и вовсе можно назвать достойным. Перед матчем в конкурсе прогнозистов одним из самых популярных счётов на эту встречу был 0:7 в пользу соперника.</p>', 1404253701, 1404253853, 0),
(10, 4, 8, 2, 3, 1400961600, 'Тур 6', 2, 3, '№1 Пухаев (в)\r\n№2 Лолаев\r\n№3 Засеев\r\n№34 Сошкин\r\n№88 Васюков\r\n№22 Качмазов\r\n№76 Чехрев С (к)\r\n№11 Магкеев >< (№19 Чехоев Ч)\r\n№92 Худошин >< (№90 Осепов)\r\n№13 Тедеев\r\n№9 Еналдиев\r\n\r\nЗапасные:\r\n№39 Хамикоев\r\n№21 Чехоев И.\r\n№15 Хабалов\r\n№17 Кучиев', '', '<p>В 6-м туре ЛЛФК "горняки" принимали гостей ЛФК "Шалдон-Ч"<br /><br />После серии поражений садонцам отступать было некуда, и они перестроили схему в 4-4-2, и честно говоря отсутствие Болатаева на поле, пошло на пользу всей команде. "Горняки" отлично контролировали мяч, создавая красивейшие комбинации на поле. Но из-за ошибок в обороне все усилия атакующей линии свелись на "нет".<br /><br />Начало&nbsp;первого тайма "горняки" начали робко, сказывалось психолгическое давление после серии поражений. И первая опасная атака пришла с левого фланга защиты, но нападающий гостей не попал в створ. После этого гости провели ещё одну атаку точь в точь под копирку первой атаке, но нападающий опять пробил мимо ворот. После двух опасных моментов у своих ворот, "горняки" встрепенулись и провелий ряд опасных атак. В одной из них Еналдиев получив пас от Магкеева, разобрался с тремя игроками соперников и красивым обводящим ударом направил мяч в девятку ворот. 1:0&nbsp;<br /><br />После этого ряд атак "горняков" "шалдонцы" срывали тактическими фолами. Из которых "садонцы" не извлекли пользы. На перерыв команда так и отправились при счёте 1:0 в пользу ЛФК "Шахтёр Садон"</p>\r\n<p>Начало второго тайма "горняки" откровенно провалили сначала шалдонцы сравняли счёт 1:1 закинув мяч за спину защитников, а позже ошибкой одного из защитников нашей команды воспользовался игрок шалдонцев отправив мяч в сетку ворот во второй раз 1:2.&nbsp;<br /><br />После двух голов команда встрепенулась, и побежала отыгрываться, сначала после комбинации слевого фланга, после прострела Худошина, Еналдиев не смог перенаправить мяч в ворота. А после трехходовки Чехоев С, Тедеев, Еналдиев, он не смог попасть по пустым воротам. Затем у команды "Шалдон-Ч" удалили игрока за вторую жёлтую карточку. После чего пошёл штурм ворот шалдонцев, однако после очередной ошибки в защите, "горняки" пропустили третий мяч. 1:3<br /><br />Последние 20 минут игра проходила на половине поля шалдонцев, и капитан команды Чехоев С дальним выстрелом сократил отставание в счёте до одного гола 2:3. Сразу после гола, Чехоев С. пробивал головой после углового, однако вратарь соперников достал мяч из угла. В итоге матч так и завершился со счётом 2:3 в пользу "Шалдона-Ч". Но можно смело сказать что команда заслужила как минимум очко.&nbsp;<br /><br />Спасибо шалдонцам за мужскую игру!</p>', 1404254012, 1404254080, 0),
(11, 4, 13, 2, 3, 1402171200, 'Тур 7', 3, 4, '№22 Качмазов (в)\r\n№2 Лолаев\r\n№34 Сошкин\r\n№3 Засеев\r\n№19 Чехоев Ч\r\n№92 Худошин >< (№23 Джикаев)\r\n№76 Чехоев С.\r\n№11 Магкеев\r\n№88 Васюков >< (№8 Васин)\r\n№13 Тедеев >< (№99 Короев)\r\n№9 Еналдиев\r\n\r\nЗапасные:\r\n\r\n№39 Хамикоев\r\n№5 Асалиев\r\n№90 Осепов\r\n№21 Чехоев И.\r\n№17 Кучиев', '', '<p>В 7-м туре чемпионата ЛЛК соперником футболистов садонского &laquo;Шахтёра&raquo; был ЛФК &laquo;Электроцинк&raquo;. Перед этой встречей &laquo;горняки&raquo; плотно завязли в подвалах турнирной таблицы, а в их активе было лишь одно очко, которое они набрали ещё в первом туре. Однако футболисты &laquo;Шахтёра&raquo; собирались дать бой фавориту: в последних матчах &laquo;горняки&raquo; явно прибавили, что наводило на оптимистичный лад.</p>\r\n<p>Перед самым началом матча стало известно, что принять участие в нём не сможет Владимир Пухаев. В итоге пост номер один был отдан Юрию Качмазову, который в последний раз стоял в воротах ещё в первом туре. Так же поединок пропускал травмированный Антон Мозговой и Владислав Хабалов.</p>\r\n<p>Начало встречи получилось кошмарным для &laquo;горняков&raquo;. В первой же атаке соперник открыл счёт, воспользовавшись провалом на левом фланге. И если первую волну атаки удалось отбить стараниями Качмазова, то с повторной попытки &laquo;электроцинковцы&raquo; послали мяч в сетку ворот &ndash; 0:1.</p>\r\n<p>Впрочем, &laquo;горняки&raquo; тут же сумели найти в себе силы, чтобы перевести игру на чужую половину поля. И уже на 6-й минуте футболисты &laquo;Шахтёра&raquo; сравняли счёт. К атаке своевременно подключился Заур Засеев, который умудрился прорваться сквозь оборонительные порядки &laquo;электроцинковцев&raquo; и хладнокровно переиграл голкипера &ndash; 1:1.</p>\r\n<p>Шаткое равновесие сохранилось до второго тайма. До перерыва команды создали немало опасных моментов у чужих ворот, но каждый раз соперникам не хватало точности. То мяч после удара Дмитрия Васюкова пролетел рядом с дальней девяткой, то дальний удар футболистов &laquo;Электроцинка&raquo; едва не снял паутину с верхнего угла ворот Качмазова.</p>\r\n<p>Болельщикам не приходилось скучать. А после перерыва они увидели и целый град голов. Правда, в этом компоненте чуть больше преуспели футболисты &laquo;Электроцинка&raquo;. &laquo;Горняки&raquo; первые минуты второго тайма проводили крайне невразумительно. Соперник тут же прижал &laquo;Шахтёр&raquo; к его воротам. Качмазову приходилось трудиться, не покладая рук. Но садонцы так и не выстояли. На 52-й минуте Аслан Магкеев потерял мяч на своей половине поля, сработал прессинг двух игроков соперника. Свисток судьи промолчал, а далее уже &laquo;Электроцинк&raquo; использовал численное преимущество &ndash; 1:2.</p>\r\n<p>Всего через несколько минут мяч вновь побывал в сетке ворот &laquo;Шахтёра&raquo;. На этот раз &laquo;горняки&raquo; не уследили за соперником во время розыгрыша углового. Последовала передача на ближнюю штангу, а один из футболистов &laquo;Электроцинка&raquo; мастерски подрезал мяч в ворота &ndash; 1:3!</p>\r\n<p>Но и на этом неприятности &laquo;горняков&raquo; не закончились. На 60-й минуте футболисты &laquo;Электроцинка&raquo; провели образцовую контратаку, Качмазов бросился на перехват, но мяч прокатился под ним. В оборону успел вернуться Чермен Чехоев, но он так и не сумел выбить мяч с линии ворот, став автором автогола &ndash; 1:4.</p>\r\n<p>К тому моменту тренерский штаб &laquo;Шахтёра&raquo; уже провёл первые замены. На поле появились Игорь Васин, Сослан Короев и Маирам Джикаев. И после этого &laquo;горняки&raquo; всей командой пошли в атаку. На исторический камбэк у них было ещё около 25 минут. И футболисты &laquo;Шахтёра&raquo; едва не сотворили чудо. На 75-й минуте Игорь Васин здорово сориентировался в чужой штрафной, опередил голкипера и поразил уже пустые ворота. А на 83-й минуте футболисты &laquo;Электроцинка&raquo; ошиблись при выполнении искусственного офсайда, а Аслан Магкеев уверенно реализовал выход один на один. Но на большее футболистов &laquo;Шахтёра&raquo; так и не хватило. Финальный штурм был эмоциональным и впечатляющим, но соперник выстоял.</p>\r\n<p>&laquo;Шахтёр Садон&raquo; потерпел шестое поражение подряд. Тем не менее, &laquo;горняки&raquo; ещё могут спасти неудачно складывающийся сезон. Время для исправления ошибок ещё есть, хоть и такая серия вызывает определённое беспокойство.</p>', 1404254152, 1404254239, 0),
(12, 4, 3, 2, 3, 1402776000, 'Тур 8', 1, 8, '№1 Пухаев (в)\r\n№76 Чехоев С. (к) >< (№8 Васин)\r\n№34 Сошкин\r\n№19 Чехоев Ч. >< (№21 Чехоев И.) >< (№17 Кучиев)\r\n№22 Качмазов >< (№2 Лолаев)\r\n№88 Васюков >< (№23 Джикаев)\r\n№3 Засеев >< (№39 Хамикоев)\r\n№11 Магкеев\r\n№13 Тедеев\r\n№92 Худошин\r\n№9 Еналдиев >< (№15 Хабалов)', '', '', 1404254355, 1404254404, 0);
INSERT INTO `matches` (`id`, `team_1_id`, `team_2_id`, `status_id`, `season_id`, `date`, `name`, `team_1_goals`, `team_2_goals`, `team_1_lineup`, `team_2_lineup`, `add_data`, `created_at`, `updated_at`, `vk_comments_count`) VALUES
(13, 4, 6, 2, 3, 1405800000, 'Тур 12', 3, 2, '№1 Пухаев (в)\r\n№2 Лолаев\r\n№34 Сошкин\r\n№19 Чехоев Ч.\r\n№88 Васюков\r\n№76 Чехоев С. (к)\r\n№11 Магкеев >< (№23 Джикаев)\r\n№22 Качмазов\r\n№77 Добаев\r\n№92 Худошин >< (№17 Кучиев)\r\n№9 Еналдиев >< (№8 Васин)', '№1 Пухаев (в)\r\n№2 Лолаев\r\n№34 Сошкин\r\n№19 Чехоев Ч.\r\n№88 Васюков\r\n№76 Чехоев С. (к)\r\n№11 Магкеев >< (№23 Джикаев)\r\n№22 Качмазов\r\n№77 Добаев\r\n№92 Худошин >< (№17 Кучиев)\r\n№9 Еналдиев >< (№8 Васин)', '<p>В матче 12-го тура "Шахтёр Садон" принимал очень крепкую команду с Моздока. Все предматчевые расклады были не в пользу горняков, в конкурсе прогнозов самый популярные счета были 4:0, 4:1 в пользу моздокчан. Однако после серии из трёх побед к ряду, горняки жаждали продолжить свою серию, забегая вперёд скажем что это им удалось.<br /><br />По сравнению с предыдущим матчем горняки провели лишь одну вынужденную замену, вместо травмированного Тедеева, на поле вышел Добаев. Ему и было суждено стать героем встречи.&nbsp;<br /><br />Матч как и ожидали многие начался под диктовку "Алании", они много перекатывали мяч и оказывали давление на правый фланг обороны садонцев, раз за разом пытаясь прорваться через фланг, однако все их атаки были остановлены. После безуспешной попытки прорваться через фланги. моздокчани начали давить в центре, что и принесло свои плоды, после разрезающего паса форвард гостей выбежал один на один и отправил мяч в сетку ворот соперника. 0:1&nbsp;<br /><br />Однако как говорится "Шахтёру" не привыкать отыгрываться, все их победы в этом сезоне оказались волевыми. Вот и на этот раз после пропущенного гола, горняки продолжили гнуть свою линию, и играли в свой футбол, и под конец тайма это принесло плоды. После трехходовки Чехоев С - Еналдиев - Качмазов, последний отправил мяч в сетку ворот соперника, забив свой первый гол на турнире. 1:1.<br /><br />Первый тайм так и закончился, и на перерыв команды отправились с ничейным счётом.<br /><br />После перерыва игра приняла другой характер, теперь уже&nbsp;активнее играли горняки, раз за разом заставляя ошибаться игроков "Алании". И вот после ошибки вратаря соперника, мяч принял Добаев, обыграв защитника он пробил метров с 25, и оказался прав, мяч затрепехался в сетке ворот. 2:1<br /><br />После этого великолепную возможность отыграться имели моздокчане, однако после выхода один на один выручил Пухаев. К слову защитники и вратарь в этот день играли блестяще.&nbsp;<br /><br />Затем на передний план снова вышел Добаев, который отправил мяч практически с нулевого угла в дальний угол ворот соперника. 3:1. И многим стало ясно что садонцы наврядли упустят победу.<br /><br />После навала в исполнении красно-жёлтых им удалось на последней минуте отыграть один мяч. 3:2&nbsp;<br /><br />Финальный свисток судьи, ознаменовал 4-ю победу к ряду горняков.<br /><br />Благодарим команду из Моздока, за мужскую игру!!!</p>', 1404418964, 1405927759, 0),
(14, 4, 12, 2, 3, 1406404800, 'Тур 13', 3, 3, '№1 Пухаев (в)\r\n№2 Лолаев\r\n№34 Сошкин\r\n№85 Мозговой >< (№19 Чехоев Ч.)\r\n№88 Васюков\r\n№76 Чехоев С. (к)\r\n№11 Магкеев >< (№23 Джикаев)\r\n№22 Качмазов\r\n№77 Добаев\r\n№92 Худошин >< (№17 Кучиев)\r\n№9 Еналдиев >< (№8 Васин)', '№1 Пухаев (в)\r\n№2 Лолаев\r\n№34 Сошкин\r\n№85 Мозговой >< (№19 Чехоев Ч.)\r\n№88 Васюков\r\n№76 Чехоев С. (к)\r\n№11 Магкеев >< (№23 Джикаев)\r\n№22 Качмазов\r\n№77 Добаев\r\n№92 Худошин >< (№17 Кучиев)\r\n№9 Еналдиев >< (№8 Васин)', '<p>В 13-м туре чемпионата Лиги любительских команд РСО-Алания футболисты садонского &laquo;Шахтёра&raquo; встречались с командой &laquo;РиК&raquo;. Нашим соперником был один из старожилов Лиги, который к тому же является двукратным чемпионом. Тем не менее, &laquo;горняки&raquo; ничуть не испугались именитого соперника, заставив того изрядно понервничать.</p>\r\n<p>В стартовом составе &laquo;Шахтёра&raquo; произошли некоторые изменения. Своей дебютный матч за команду проводил полузащитник Ирлан Жажиев, который пропустил почти весь сезон. Также впервые с первых минут на поле появился защитник Антон Мозговой, залечивший травму. В остальном состав &laquo;горняков&raquo; угадывался: в стартовом протоколе оказались все те, кто на протяжении сезона регулярно надевал футболки садонского клуба.</p>\r\n<p>Старт матча получился довольно осторожным. Команды не спешили открываться, а игра была равной. Но на 15-й минуте &laquo;горняки&raquo; вышли вперёд. Худошин воспользовался ошибкой голкипера соперника, подхватил мяч, оставил не у дел двух защитников и направил мяч в дальний угол &ndash; 1:0!</p>\r\n<p><img src="http://cs617829.vk.me/v617829604/1339c/laHTCdZEIV0.jpg" alt="" width="600" height="400" /></p>\r\n<p><em>Голкипер "Шахтёр Садон" Владимир Пухаев был на высоте</em></p>\r\n<p>Теперь уже футболисты команды &laquo;РиК&raquo; стали действовать активнее в атаке. Впрочем, с их давлением уверенно справлялись садонцы. А основная угроза воротам &laquo;горняков&raquo; шла от дальних ударов. После одного из таких выстрелов себя во всей красе показал Владимир Пухаев, вытащивший мяч из самой девятки!</p>\r\n<p>В перерыве обе команды провели замены. &laquo;РиК&raquo; обновил атакующую линию, а у &laquo;Шахтёра&raquo; укрепить оборону отправился Чермен Чехоев. И всё самое интересное произошло именно во втором тайме.</p>\r\n<p>Команды безуспешно искали лазейки к воротам. У ЛФК &laquo;РиК&raquo; кураж поймал голкипер, который отразил несколько убойных дальних ударов. У &laquo;горняков&raquo; продолжала уверенно действовать оборона. Все атаки владикавказцев завершались неточным забросами в чужую штрафную. Но уже в концовке матча &laquo;горняки&raquo; позволили сопернику сравнять счёт. После углового последовал навес на ближнюю штангу, откуда игрок &laquo;РиКа&raquo; сравнял счёт &ndash; 1:1.</p>\r\n<p>&nbsp;Но тогда всё только начиналось. На 83-й минуте &laquo;Шахтёр&raquo; вышел вперёд. Дмитрий Васюков отметился отличным проходом, вошёл в штрафную и с острого угла послал мяч над голкипером &ndash; 2:1!</p>\r\n<p>Однако &laquo;горняки&raquo; не извлекли урок из первого пропущенного гола. И всего через несколько минут &laquo;РиК&raquo; сравнял счёт. На этот раз уже после многоходовки форвард соперника замкнул прострел с нескольких метров &ndash; 2:2.</p>\r\n<p>А завершилось всё уже в компенсированное время. &laquo;Горняки&raquo; упустили несколько превосходных моментов, но Дмитрий Васюков сумел-таки вывести свою команду вперёд. После прострела Худошина крайний защитник &laquo;Шахтёра&raquo; направил мяч в пустой угол &ndash; 3:2!</p>\r\n<p><img src="http://cs617829.vk.me/v617829604/13462/5ZvmP2o0r_w.jpg" alt="Дмитрий Васюков. " width="600" height="400" /></p>\r\n<p><em>Дмитрий Васюков - автор дубля "Шахтёр Садон"</em></p>\r\n<p>Тогда казалось, что &laquo;Шахтёр&raquo; уже не упустит победу. &laquo;Горняки&raquo; были близки к тому, чтобы в четвёртый раз победить со счётом 3:2. Но уже на последних секундах встречи после штрафного &laquo;РиК&raquo; сумел вырвать ничью: защитники садонцев не успели закрыть соперника, находившегося на дальнем углу штрафной &ndash; 3:3!</p>\r\n<p>Как итог &ndash; боевая ничья, которая не могла устроить футболистов &laquo;Шахтёра&raquo;. &laquo;Горняки&raquo; упустили победу, трижды ведя в счёте. Тем не менее, такой результат в матче со столь сильным соперником уже можно назвать успехом.</p>\r\n<p><strong>Чемпионат ЛЛК. 13-й тур</strong></p>\r\n<p><strong>27 июля, Алагир, стадион &laquo;Спартак&raquo;</strong></p>\r\n<p><strong>&laquo;Шахтёр Садон&raquo; - &laquo;РиК&raquo; 3:3 (1:0)</strong></p>\r\n<p><strong>Голы: </strong>Худошин, 15, Васюков 83, 90.</p>\r\n<p>&nbsp;</p>', 1405873273, 1406496843, 0),
(15, 4, 9, 2, 3, 1407009600, 'Тур 14', 1, 2, '', '', '<p>В матче 14-го тура ЛФК &laquo;Шахтёр Садон&raquo; встречался с ЛФК &laquo;Шалдон&raquo;. Проигрыш в этом матче лишал всех надежд на топ8 игроков горняков, поэтому настрой был запредельный. ЛФК &laquo;Шалдону&raquo; же нужна была победа чтоб обезопасить себя с вылета из топ8.<br /><br />В составе горняков отсутствовал один из самых стабильных игроков команды Лолаев, и пришлось искать замену ему. Выбор пал на Кучиева, и некоторые игроки сместились со своих позиций. Стартовую пару нападающих составили Кучиев и Еналдиев.<br /><br />В эту изнуряющую жару темп матча был невысок. И первый опасный момент был создан горняками, но Качмазов не смог укратить мяч и момент был упущен. Практически после этого опасный момент был у капитана команды, однако обыграв защитника не смог хорошо приложиться по мячу.&nbsp;<br /><br />Пару раз выручил и Пухаев, после атак шалдонцев. Затем после заброса со своей половины поля один на один выбежал Кучиев и мог забивать свой первый гол в лиге, но вратарь соперников выручил и сыграл надёжно. Под конце первого тайма горняки немного подсели физически, и шалдонцы забили так свой гол, после навеса справого фланга, защита горняков забыла игрока гостей в штрафной и тот отправил мяч в ворота. 0:1<br /><br />В начале второго тайма горняки перестроили игру с 4-3-1-2 на 4-2-3-1 сместив Худошина на левый фланг, и выпустив Васина вместо Кучиева. Чехоев С сместился на правый фланг. &nbsp;<br /><br />Горняки пытались атаковать, но шалдонцы грамотно оборонялись и контратаковали. В одной из таких контратак полузащитник убежал один на один, обыграл вратаря и был сбит с ног, пенальти. К мячу подошёл Икаев Заур, однако его удар парировал Пухаев. Битаров первым успел на добивание и отправил мяч в сетку. Однако гол не бы засчитан, так как игроки команд нарушили правила, двинувшись раньше чем нужно в направлении ворот. Бить второй пенальти вышел Хугаев, но и тут Пухаев выручил команду. Счёт не изменился.&nbsp;<br /><br />Отличные возможности отыграться упустили Худошин, Васин, Еналдиев. И тут последовало вот что, после заброса &nbsp;на игрок &laquo;Шалдона&raquo; боковой судья зафиксировал офсайд, однако судья не обратив на это внимание засчитал гол. После чего были жаркие споры, однако гол не был отменён. 0:2<br /><br />После того как горняки разыграли мяч последовал заброс на Васина, который доиграл момент до конца, и заставил вратаря отправить мяч в свои ворота. 1:2<br /><br />Финальный штурм хозяев не привёл ни к чему. Более того после ошибки Пухаева, нападающий &laquo;Шалдона&raquo; не попал по пустым воротам.</p>', 1406497360, 1407234077, 0),
(16, 4, 7, 2, 3, 1407614400, 'Тур 15', 4, 3, '№1 Пухаев\r\n№2 Лолаев\r\n№34 Сошкин\r\n№19 Чехоев Ч. (к)\r\n№88 Васюков\r\n№76 Чехоев С. >< (№90 Осепов)\r\n№11 Магкеев >< (№13 Тедеев)\r\n№22 Качмазов\r\n№92 Худошин\r\n№8 Васин >< (№17 Кучиев)\r\n№9 Еналдиев', '', '', 1407241846, 1407853926, 0),
(17, 4, 15, 2, 3, 1408219200, 'Тур 16', 3, 0, '', '', '', 1407854066, 1408276335, 0),
(18, 4, 14, 2, 3, 1408824000, 'Тур 17', 3, 0, '', '', '', 1408276368, 1408276420, 0),
(19, 4, 19, 2, 4, 1409342400, 'Товарищеский матч с ХК "Алания"', 6, 4, '№1 Пухаев\r\n№3 Засеев\r\n№19 Чехоев Ч.\r\n№22 Качмазов >< (№5 Асалиев)\r\n№76 Чехоев С.\r\n№11 Магкеев >< (№92 Худошин)\r\n№9 Еналдиев', '', '<p>Сегодня в матче-реванше с ХК "Алания", ЛФК "Шахтёр Садон" одержал победу... состав на поле вышел боевой, после 2-х месячного отсутствия вернулся на поле Засеев (который отметился забитым голом), также в запасе команды присутствовал и Асалиев, которого фанаты также долго не наблюдали в составе команды.</p>\r\n<p>Начало матча осталось за хоккеистами, пока "горняки" пытались владеть мячом, они провели две острые контратаки и повели в счёте 0:2... Горняки немного измотав соп<span class="text_exposed_show">ерника, до конца первого тайма смогли отыграться и вырваться вперёд 3:2, (стоит отметить что первым голом в составе также отметился и вратарь команды Пухаев, реализовавший пенальти).</span></p>\r\n<div class="text_exposed_show">\r\n<p>В начале второго тайма горняки произвели замену вместо ветерана команды №11 Магкеева, на поле вышел заводной и юркий №92 Худошин.</p>\r\n<p>Забив в первые 15 минут второго тайма 3 мяча и поведя в счёте 6:2, "горняки" встали, стали позволять себе лишнего, игра в пятки, прыжки рыбкой. За что тут же поплатились ещё 2 пропущенными мячами... Итоговый счёт 6:4. ЛФК "Шахтёр Садон" благодарит хоккеистов&nbsp;за достойную игру...</p>\r\n<p><strong>Состав команды:</strong></p>\r\n<p>№1 Пухаев<br />№3 Засеев<br />№19 Чехоев Ч.<br />№22 Качмазов &gt;&lt; (№5 Асалиев)<br />№76 Чехоев С.<br />№11 Магкеев &gt;&lt; (№92 Худошин)<br />№9 Еналдиев</p>\r\n</div>', 1409348200, 1409430683, 0),
(20, 1, 4, 2, 5, 1410638400, '1/4 финала Кубка ЛЛК', 3, 2, '', '', '', 1410443156, 1410725336, 0);

-- --------------------------------------------------------

--
-- Структура таблицы `matches_events`
--

DROP TABLE IF EXISTS `matches_events`;
CREATE TABLE IF NOT EXISTS `matches_events` (
  `id` int(11) unsigned NOT NULL AUTO_INCREMENT,
  `match_id` int(11) NOT NULL,
  `event_id` int(11) NOT NULL,
  `player` varchar(255) NOT NULL,
  `time` int(11) NOT NULL,
  `team_id` int(11) NOT NULL,
  `comment` varchar(255) NOT NULL,
  `created_at` int(11) DEFAULT NULL,
  `updated_at` int(11) DEFAULT NULL,
  PRIMARY KEY (`id`)
) ENGINE=InnoDB  DEFAULT CHARSET=utf8 AUTO_INCREMENT=61 ;

--
-- Дамп данных таблицы `matches_events`
--

INSERT INTO `matches_events` (`id`, `match_id`, `event_id`, `player`, `time`, `team_id`, `comment`, `created_at`, `updated_at`) VALUES
(7, 2, 1, 'Чехоев С.', 30, 4, '', 1404248710, NULL),
(8, 2, 1, 'Еналдиев', 50, 4, '', 1404248726, NULL),
(9, 2, 1, 'Магкеев', 83, 4, '', 1404248739, NULL),
(10, 2, 2, 'Еналдиев', 45, 4, '', 1404248763, NULL),
(11, 2, 2, 'Магкеев', 45, 4, '', 1404248821, NULL),
(12, 2, 3, 'Чехоев С.', 45, 4, '', 1404248838, NULL),
(13, 2, 3, 'Еналдиев', 60, 4, '', 1404248855, NULL),
(14, 2, 3, 'Чехоев Ч.', 77, 4, '', 1404248874, NULL),
(15, 3, 1, 'Худошин', 50, 4, '', 1404249192, NULL),
(16, 3, 1, 'Еналдиев', 70, 4, '', 1404249234, NULL),
(17, 3, 1, 'Еналдиев', 92, 4, '', 1404249246, NULL),
(18, 3, 2, 'Засеев', 96, 4, '', 1404249262, NULL),
(19, 5, 1, 'Болатаев', 47, 4, '', 1404252333, NULL),
(20, 5, 2, 'Лолаев', 76, 4, '', 1404252346, NULL),
(21, 5, 2, 'Чехоев Ч.', 74, 4, '', 1404252358, NULL),
(22, 6, 2, 'Чехоев Ч.', 35, 4, '', 1404252967, NULL),
(23, 6, 2, 'Качмазов', 65, 4, '', 1404252984, NULL),
(24, 6, 2, 'Албегов', 28, 4, '', 1404252995, NULL),
(25, 7, 1, 'Короев', 85, 4, '', 1404253121, NULL),
(26, 7, 2, 'Чехоев Ч.', 46, 4, '', 1404253132, NULL),
(27, 8, 1, 'Еналдиев', 84, 4, '', 1404253522, NULL),
(28, 8, 2, 'Еналдиев', 40, 4, '', 1404253541, NULL),
(29, 8, 2, 'Чехоев С.', 20, 4, '', 1404253551, NULL),
(30, 8, 2, 'Чехоев И.', 46, 4, '', 1404253566, NULL),
(31, 9, 1, 'Тедеев', 34, 4, '', 1404253773, NULL),
(32, 9, 1, 'Худошин', 57, 4, '', 1404253782, NULL),
(33, 9, 1, 'Дудаев', 5, 2, '', 1404253813, NULL),
(34, 9, 1, 'Цакоев', 8, 2, '', 1404253824, NULL),
(35, 9, 1, 'Дарчиев', 18, 2, '', 1404253833, NULL),
(36, 9, 1, 'Афашоков', 30, 2, '', 1404253843, NULL),
(37, 9, 1, 'Дарчиев', 85, 2, '', 1404253850, NULL),
(38, 10, 1, 'Еналдиев', 8, 4, '', 1404254039, NULL),
(39, 10, 1, 'Чехоев С.', 89, 4, '', 1404254050, NULL),
(40, 10, 2, 'Лолаев', 84, 4, '', 1404254063, NULL),
(41, 11, 2, 'Чехоев С.', 75, 4, '', 1404254192, NULL),
(42, 11, 1, 'Засеев', 9, 4, '', 1404254203, NULL),
(43, 11, 1, 'Васин', 84, 4, '', 1404254211, NULL),
(44, 11, 1, 'Магкеев', 87, 4, '', 1404254220, NULL),
(45, 12, 1, 'Худошин', 23, 4, '', 1404254383, NULL),
(46, 12, 2, 'Чехоев Ч.', 68, 4, '', 1404254392, NULL),
(47, 13, 1, 'Качмазов', 45, 4, '', 1405873434, NULL),
(48, 13, 1, 'Добаев', 60, 4, '', 1405873444, NULL),
(49, 13, 1, 'Добаев', 73, 4, '', 1405873453, NULL),
(50, 13, 2, 'Еналдиев', 34, 4, '', 1405923786, NULL),
(51, 14, 1, 'Худошин ', 15, 4, 'Гол забил Тамерлан Худошин', 1406495891, NULL),
(52, 14, 1, 'Васюков', 83, 4, 'Гол забил Дмитрий Васюков', 1406495911, NULL),
(53, 14, 1, 'Васюков', 90, 4, 'Гол  забил Дмитрий Васюков', 1406495929, NULL),
(54, 14, 2, 'Бибо Чехоев', 80, 12, 'Жёлтую карточку получил Бибо Чехоев', 1406495957, NULL),
(55, 16, 1, 'Еналдиев', 45, 4, '', 1407853889, NULL),
(56, 16, 1, 'Еналдиев', 55, 4, '', 1407853897, NULL),
(57, 16, 1, 'Еналдиев', 78, 4, '', 1407853906, NULL),
(58, 16, 1, 'Тедеев', 93, 4, '', 1407853912, NULL),
(59, 20, 1, 'Добаев', 1, 4, '', 1410725322, NULL),
(60, 20, 1, 'Качмазов', 43, 4, '', 1410725332, NULL);

-- --------------------------------------------------------

--
-- Структура таблицы `media_photos`
--

DROP TABLE IF EXISTS `media_photos`;
CREATE TABLE IF NOT EXISTS `media_photos` (
  `id` int(11) unsigned NOT NULL AUTO_INCREMENT,
  `image_path` varchar(255) NOT NULL,
  `category_id` int(11) NOT NULL,
  `created_at` int(11) DEFAULT NULL,
  `updated_at` int(11) DEFAULT NULL,
  PRIMARY KEY (`id`)
) ENGINE=InnoDB  DEFAULT CHARSET=utf8 AUTO_INCREMENT=138 ;

--
-- Дамп данных таблицы `media_photos`
--

INSERT INTO `media_photos` (`id`, `image_path`, `category_id`, `created_at`, `updated_at`) VALUES
(21, '00a9e32d8ce38ff07630311098a42ab7.jpg', 15, 1400002155, 1400002155),
(22, '387adb34015c67a5e471f6a0c09501b9.jpg', 15, 1400002175, 1400002175),
(24, '3fd45f78607aba0db293ddcf953047da.jpg', 15, 1400002197, 1400002197),
(25, 'b6381a0816307694665759b9907f5af4.jpg', 15, 1400002247, 1400002247),
(26, '0c5781a40949db6ce5a6c0ab53ddf47e.jpg', 15, 1400002257, 1400002257),
(27, 'fbfbcc753560402ad6e955dae656791a.jpg', 15, 1400002267, 1400002267),
(28, '65c9ef37fecfdbf6be220e8f35207fc1.jpg', 15, 1400002276, 1400002276),
(29, '822698531b1682ef69c3c2c65d546e96.jpg', 15, 1400002287, 1400002287),
(30, 'd6841d5011284513e440f65a77d02df3.jpg', 15, 1400002298, 1400002298),
(31, 'ce5509ed9718d5adda11d0e518aa26b5.jpg', 15, 1400002309, 1400002309),
(32, '1897882256cc47b08a392efd89e3aab5.jpg', 15, 1400002318, 1400002318),
(33, 'fa80feda46dc8d05421527a7d724c56e.jpg', 15, 1400002330, 1400002330),
(34, 'c450f2bac6ef1b08fb8127b994197ed7.jpg', 15, 1400002340, 1400002340),
(35, 'ccd9cd61656a0f480872c5c2fd291bbb.jpg', 15, 1400002350, 1400002350),
(36, '683ba3566f5999e029001296a5586cb9.jpg', 15, 1400002359, 1400002359),
(37, '6dacbaecbecb3bd4f6897214d5b18458.jpg', 16, 1400013547, 1400013547),
(38, '751e621a166f015f8e13eb6f3fcc6be8.jpg', 16, 1400013566, 1400013566),
(39, 'f80b404957f50c72a5de30e50b5dc355.jpg', 16, 1400013587, 1400013587),
(40, 'be2284376a72d98bf06f0341e15c588f.jpg', 16, 1400013618, 1400013618),
(41, '75a6d7250e9ce4d0123244d0ece68cce.jpg', 16, 1400013636, 1400013636),
(42, 'b943792a84381b9c3d728e3bf7c42c46.jpg', 16, 1400013647, 1400013647),
(43, '975168f8514914fe452fae6570d304a8.jpg', 17, 1400058293, 1400058293),
(44, 'd2fb73b35bf703832489f1053a35b14b.jpg', 17, 1400058304, 1400058304),
(45, '47e333a1e4f1dc94afffb98d93952135.jpg', 17, 1400058314, 1400058314),
(46, '4e897e4f062222e5548bffa5381c4287.jpg', 17, 1400058324, 1400058324),
(47, 'ac0082b14a84742b84d9542dc1d686d3.jpg', 17, 1400058335, 1400058335),
(48, '4eec2a7101944e3e98a04b10bc25e658.jpg', 17, 1400058348, 1400058348),
(49, 'bda5a4ee2aa2f272098a71b6ac916489.jpg', 17, 1400058357, 1400058357),
(50, '292b2a7f214a24ace838f76af24ace11.jpg', 17, 1400058365, 1400058365),
(51, '503051a68589ddb263c585ddbe12fc49.jpg', 17, 1400058378, 1400058378),
(52, '00921d16f9c7cad1a0b9030b1bbd4648.jpg', 17, 1400058387, 1400058387),
(53, '2435658cad11451c6f4f33426c81ab32.jpg', 17, 1400058395, 1400058395),
(54, '4b4f383055669bfc5aa29e460e861931.jpg', 17, 1400058407, 1400058407),
(55, '0a78c83103d5a9025ad7e95844f863b4.jpg', 17, 1400058416, 1400058416),
(56, '4863549cb1107f21bddfb6f6e24aea3f.jpg', 17, 1400058425, 1400058425),
(57, 'c0bde2c9da2e1700f377d7ba1e47eb8b.jpg', 17, 1400058435, 1400058435),
(59, 'b24b0134e4bc3d584e71c845b69617eb.jpg', 17, 1400058463, 1400058463),
(60, '8d79e514c9eaf90861a9dc852d5b9073.jpg', 17, 1400058471, 1400058471),
(61, '0c265bd23f4719f43e28d5a2d4b08847.jpg', 17, 1400058479, 1400058479),
(62, '818ec62d5e3a91c4eb7831966299cb64.jpg', 17, 1400058487, 1400058487),
(63, 'fadb27ac62e5bfc1f773a32d21a1994e.jpg', 17, 1400058497, 1400058497),
(64, '04453a710031fb69716031ad2db3c0a8.jpg', 14, 1400059297, 1400059297),
(65, '2d90c07de2099b5bfa84270f9afb4f57.jpg', 14, 1400059306, 1400059306),
(66, 'cdd98474a9cb10e62b787c4096f663b1.jpg', 14, 1400059314, 1400059314),
(67, '39faf82ce55cc39877f3f8c7a3b527ab.jpg', 14, 1400059324, 1400059324),
(68, '4617355db050d831b612c3c8228eafb9.jpg', 14, 1400059332, 1400059332),
(69, 'c6d949b0509bd4a9659357057d8940aa.jpg', 14, 1400059341, 1400059341),
(70, '9b8ae8d88205d27c910f1f579eda3033.jpg', 14, 1400059356, 1400059356),
(71, 'b6acc62bb41e5f57019f17e7d689902e.jpg', 14, 1400059364, 1400059364),
(72, '727c8f51ebf2ace500f0c2fc6bfcaf55.jpg', 14, 1400059374, 1400059374),
(73, '5e51df57f2c6ac0b51e485b69faf2ca8.jpg', 14, 1400059389, 1400059389),
(74, 'fb25b8eb6545d9c719801bb453af5f6a.jpg', 14, 1400059399, 1400059399),
(75, 'cdedcf3042698c831728879c86346966.jpg', 14, 1400059410, 1400059410),
(76, '68d3161c4a88726e06f851b528573d19.jpg', 14, 1400059417, 1400059417),
(77, '7262b5700d816f0786ee1d50fd501762.jpg', 14, 1400059426, 1400059426),
(78, '8f7699d07a71255dc9f1345682d79f15.jpg', 14, 1400059439, 1400059439),
(79, 'e4eda325480f0a0bd37c9e5748b5d45f.jpg', 14, 1400059450, 1400059450),
(80, '32c98768aacf36ef6f796f1a08c6ca77.jpg', 14, 1400059458, 1400059458),
(81, '4d9837541f9a5b1cc0b5ea318a08fcc9.jpg', 14, 1400059468, 1400059468),
(82, '56dfa53ab2d4d3e9124afa46ce5518e1.JPG', 18, 1400333049, 1400333049),
(83, 'eff26b385417c424ae3438a5aab0d843.JPG', 18, 1400333261, 1400333261),
(84, '510b433edb1b6ae0c1199a85dbd55d11.JPG', 18, 1400333380, 1400333380),
(85, 'd48b3fb8957ba42119bde1fdd93ae6f5.JPG', 18, 1400333548, 1400333548),
(86, '46ed2c6ce1ce5c298dd33f7b4561203d.JPG', 18, 1400333717, 1400333717),
(87, '31f4192dcc10a72eb3ec0f855507d231.JPG', 18, 1400334005, 1400334005),
(88, '711a5e4e368ab95f9b2dcec39d055537.JPG', 18, 1400334111, 1400334111),
(89, '59c6e8297dfe3d425ea8bf19d31b631f.JPG', 18, 1400334192, 1400334192),
(90, '6302b931a86874705aa398ea48b25da0.JPG', 18, 1400334459, 1400334459),
(91, '1eb7dde44bb9f3bdd7a2f6980a683e93.JPG', 18, 1400334538, 1400334538),
(92, '0c50947da6d071f0d689b4a7acb14ca6.JPG', 18, 1400334614, 1400334614),
(93, '2da509ff7fa4aa9e30b06a88f169ea14.JPG', 18, 1400334725, 1400334725),
(94, '2e96f77a8f36040a6d6e944a95e646d8.JPG', 18, 1400334892, 1400334892),
(95, 'f7959adc76e8e61959172ff2a944d0af.JPG', 18, 1400335002, 1400335002),
(96, 'e358c4069b75551de961ad8939838c33.JPG', 18, 1400335095, 1400335095),
(97, 'bc2b826700a0ab78dec5869907497125.JPG', 18, 1400335175, 1400335175),
(98, 'af12f3b931ccbd50308e649dfa0589ad.JPG', 18, 1400335266, 1400335266),
(99, '8e3b800b12c42bf3dc7281216d53a090.JPG', 18, 1400335335, 1400335335),
(100, 'a40203c18d940e2a4f68fcdee630a254.JPG', 19, 1401039515, 1401039515),
(101, 'a2df853756948f40ea2aa9733707e832.JPG', 19, 1401039524, 1401039524),
(102, '62828429624a50a6f5bf2cffe8eaa76d.JPG', 19, 1401039531, 1401039531),
(103, '5ed5a934be036a15e2047c00731018c5.JPG', 19, 1401039538, 1401039538),
(104, '6a2b91ed1783273f278bfe8e1b23fd6b.JPG', 19, 1401039545, 1401039545),
(105, '271a96753efada24e943bc2a3547987f.JPG', 19, 1401039553, 1401039553),
(106, '1ac141d69e20f115a9986eeb6e8c1a09.JPG', 19, 1401039559, 1401039559),
(107, '84fb600553e4c3140223fa7a42ef6e04.JPG', 19, 1401039565, 1401039565),
(108, '7c40a3a2e88388a32e2ff1a17ec539e0.jpg', 20, 1402262999, 1402262999),
(109, '321413c3af0b740a3224857d0e324cf3.jpg', 20, 1402263006, 1402263006),
(110, '441bf308d4649511b825fcb69aaee769.jpg', 20, 1402263014, 1402263014),
(111, 'feef9fffcb1dd0132df321e2517c8633.jpg', 20, 1402263021, 1402263021),
(112, '3c62aae62a6e6a5d561ded25a6d38006.jpg', 20, 1402263029, 1402263029),
(113, '5a0192623f59ed73b96389fec7af41ff.jpg', 20, 1402263038, 1402263038),
(114, '299528ba7e0eff36e352d7c5ee77a9f6.jpg', 20, 1402263046, 1402263046),
(115, '417bc504ab3d11a7b71356b8dd3df3d8.jpg', 20, 1402263054, 1402263054),
(116, '7ed8e790bd88aaacc207132bef44fb31.jpg', 20, 1402263062, 1402263062),
(117, '2da8b78586acb6bf7456c1521414ba70.jpg', 20, 1402263072, 1402263072),
(118, '501ca12ad3cece5a5eb6eec888b4cc9c.jpg', 20, 1402263080, 1402263080),
(119, '10f99894d5ca0bfbfd73f90f451c4181.jpg', 20, 1402263087, 1402263087),
(120, '19adfe8855db59e76bfb1ee8f11535a2.jpg', 20, 1402263094, 1402263094),
(121, '200bc80c64e28453522fe47f124291c3.jpg', 20, 1402263103, 1402263103),
(122, '6f85199f4f37dd2a2188fc6a6320df0c.jpg', 20, 1402263111, 1402263111),
(123, 'ad0c2dc0e752ca10c54bc810d45a0a16.jpg', 21, 1405925804, 1405925804),
(124, 'a42e777f833e27dfd9f635b43d5bb751.jpg', 21, 1405925814, 1405925814),
(125, '7ed0d789c19931160ed4f36a64715e7a.jpg', 21, 1405925824, 1405925824),
(126, '94c4f129037be9ca9733ab5126f94878.jpg', 21, 1405925857, 1405925857),
(127, '6c761d385ae385c3a4dd0909192954dc.jpg', 21, 1405925865, 1405925865),
(128, '25607bb8a5e2c00c937f1a15e7439c34.jpg', 21, 1405925876, 1405925876),
(129, '1a44d297ef4b5f072d89ff1b864b0976.jpg', 21, 1405925885, 1405925885),
(130, '2303bea96ffb1c72a362d93553fab56d.jpg', 21, 1405925893, 1405925893),
(131, '3fd7a209d18a3d9d66e1519bac0cbd36.jpg', 21, 1405925901, 1405925901),
(132, '2a524b482566bc06aa7b3642ad2b29a1.jpg', 21, 1405925910, 1405925910),
(133, '350d496ce2e9614db3ee9caa3ba00f40.jpg', 21, 1405925920, 1405925920),
(134, 'bf5e9b3e24ea6c7e02d003bfb936326b.jpg', 21, 1405925929, 1405925929),
(135, 'f469a1a830a3fd7d518e5633e9f6ae06.jpg', 21, 1405925939, 1405925939),
(136, '4971c726c69abdb10ad47a36ea613b4f.jpg', 21, 1405925950, 1405925950),
(137, '5430d41cad44eec01b9a3b7c24e7da50.jpg', 21, 1405925958, 1405925958);

-- --------------------------------------------------------

--
-- Структура таблицы `media_photos_categories`
--

DROP TABLE IF EXISTS `media_photos_categories`;
CREATE TABLE IF NOT EXISTS `media_photos_categories` (
  `id` int(11) unsigned NOT NULL AUTO_INCREMENT,
  `title` varchar(255) NOT NULL,
  `created_at` int(11) DEFAULT NULL,
  `updated_at` int(11) DEFAULT NULL,
  PRIMARY KEY (`id`)
) ENGINE=InnoDB  DEFAULT CHARSET=utf8 AUTO_INCREMENT=22 ;

--
-- Дамп данных таблицы `media_photos_categories`
--

INSERT INTO `media_photos_categories` (`id`, `title`, `created_at`, `updated_at`) VALUES
(14, 'ЛФК "Шахтёр Садон" - ЛФК "Албарс"', 1399914285, 1400013485),
(15, 'ЛФК "Шахтёр Садон" - ЛФК "Джанрос"', 1400001939, 1400001948),
(16, 'ЛФК "Шахтёр Садон" - ЛФК "Лидс-12"', 1400013454, 1400013462),
(17, 'ЛФК "Шахтёр Садон" - ЛФК "Феникс"', 1400013513, 1400013513),
(18, 'ЛФК "Шахтёр Садон" - ЛФК "Афганка"', 1400332970, 1400332970),
(19, 'ЛФК "Шахтёр Садон" - ЛФК "Шалдон Ч"', 1401039482, 1401039482),
(20, 'ЛФК "Шахтёр Садон" - ЛФК "Электроцинк"', 1402262984, 1402262984),
(21, 'ЛФК "Шахтёр Садон" - ЛФК "Алания" Моздок', 1405925785, 1405925785);

-- --------------------------------------------------------

--
-- Структура таблицы `media_videos`
--

DROP TABLE IF EXISTS `media_videos`;
CREATE TABLE IF NOT EXISTS `media_videos` (
  `id` int(11) unsigned NOT NULL AUTO_INCREMENT,
  `videoid` varchar(20) NOT NULL,
  `title` varchar(255) NOT NULL,
  `created_at` int(11) DEFAULT NULL,
  `updated_at` int(11) DEFAULT NULL,
  PRIMARY KEY (`id`)
) ENGINE=InnoDB  DEFAULT CHARSET=utf8 AUTO_INCREMENT=5 ;

--
-- Дамп данных таблицы `media_videos`
--

INSERT INTO `media_videos` (`id`, `videoid`, `title`, `created_at`, `updated_at`) VALUES
(1, 'Xnqj3I5kt90', 'Открытие в г.Алагир', 1399910818, 1399914004),
(2, 'U8SI2fig5IM', 'Выход команд на поле ', 1399910839, 1399913975),
(4, 'fkC7Ji9O-jk', 'Истории команды ЛФК "Шахтёр Садон" и ЛФК "Албарс"', 1399916699, 1399916699);

-- --------------------------------------------------------

--
-- Структура таблицы `migration`
--

DROP TABLE IF EXISTS `migration`;
CREATE TABLE IF NOT EXISTS `migration` (
  `type` varchar(25) NOT NULL,
  `name` varchar(50) NOT NULL,
  `migration` varchar(100) NOT NULL DEFAULT ''
) ENGINE=InnoDB DEFAULT CHARSET=utf8;

--
-- Дамп данных таблицы `migration`
--

INSERT INTO `migration` (`type`, `name`, `migration`) VALUES
('app', 'default', '001_create_articles'),
('app', 'default', '002_create_categories'),
('package', 'auth', '001_auth_create_usertables'),
('package', 'auth', '002_auth_create_grouptables'),
('package', 'auth', '003_auth_create_roletables'),
('package', 'auth', '004_auth_create_permissiontables'),
('package', 'auth', '005_auth_create_authdefaults'),
('package', 'auth', '006_auth_add_authactions'),
('package', 'auth', '007_auth_add_permissionsfilter'),
('package', 'auth', '008_auth_create_providers'),
('package', 'auth', '009_auth_create_oauth2tables'),
('package', 'auth', '010_auth_fix_jointables'),
('app', 'default', '003_create_sliders'),
('app', 'default', '004_add_created_at_updated_at_to_sliders'),
('app', 'default', '005_add_description_to_sliders'),
('app', 'default', '006_create_videos'),
('app', 'default', '007_create_media_photos_categories'),
('app', 'default', '008_create_media_photos'),
('app', 'default', '009_create_media_videos'),
('app', 'default', '010_create_players'),
('app', 'default', '011_create_positions'),
('app', 'default', '012_create_votes'),
('app', 'default', '013_add_preview_to_articles'),
('app', 'default', '014_create_teams'),
('app', 'default', '015_create_seasons'),
('app', 'default', '016_add_has_table_to_seasons'),
('app', 'default', '017_create_seasons_teams'),
('app', 'default', '018_create_tables'),
('app', 'default', '019_create_matches'),
('app', 'default', '020_create_matches_events'),
('app', 'default', '021_create_events'),
('app', 'default', '022_create_statuses'),
('app', 'default', '023_create_strikers'),
('app', 'default', '024_add_is_core_player_to_players'),
('app', 'default', '025_create_staff'),
('app', 'default', '026_add_created_at_updated_at_to_staff'),
('app', 'default', '027_add_vk_comments_count_to_articles'),
('app', 'default', '028_add_vk_comments_count_to_matches');

-- --------------------------------------------------------

--
-- Структура таблицы `players`
--

DROP TABLE IF EXISTS `players`;
CREATE TABLE IF NOT EXISTS `players` (
  `id` int(11) unsigned NOT NULL AUTO_INCREMENT,
  `player_name` varchar(255) NOT NULL,
  `position_id` int(11) NOT NULL,
  `birthdate` int(11) DEFAULT NULL,
  `data` text,
  `image_uri` varchar(255) DEFAULT NULL,
  `created_at` int(11) DEFAULT NULL,
  `updated_at` int(11) DEFAULT NULL,
  `is_core_player` int(1) NOT NULL DEFAULT '0',
  PRIMARY KEY (`id`)
) ENGINE=InnoDB  DEFAULT CHARSET=utf8 AUTO_INCREMENT=33 ;

--
-- Дамп данных таблицы `players`
--

INSERT INTO `players` (`id`, `player_name`, `position_id`, `birthdate`, `data`, `image_uri`, `created_at`, `updated_at`, `is_core_player`) VALUES
(4, 'Еналдиев Марат', 4, 635547600, '<p>Рост: <span style="color: #008000;"><strong>173</strong></span></p>\r\n<p>Вес: <strong><span style="color: #008000;">62</span></strong></p>\r\n<p>Гражданство: <strong><span style="color: #008000;">Россия</span></strong></p>\r\n<p>Игровой номер: <strong><span style="color: #008000;">9</span></strong></p>', 'b244d87928c6d5fd5605a09c3450fe41.jpg', 1399895311, 1403467914, 1),
(5, 'Илаев Батраз', 2, 600728400, '<p>Рост: <span style="color: #008000;"><strong>183</strong></span><br /><br />Вес: <span style="color: #008000;"><strong>75</strong></span></p>\r\n<p>Гражданство: <strong><span style="color: #008000;">Россия</span></strong></p>\r\n<p>Игровой номер: <span style="color: #008000;"><strong>33</strong></span></p>', NULL, 1399895395, 1411169052, 0),
(7, 'Чехоев Ибрагим', 2, 806097600, '<p>Рост: <span style="color: #008000;"><strong>180</strong></span></p>\r\n<p>Вес: <span style="color: #008000;"><strong>74</strong></span></p>\r\n<p>Гражданство: <span style="color: #008000;"><strong>Россия</strong></span></p>\r\n<p>Игровой номер: <span style="color: #008000;"><strong>21</strong></span></p>', '555317283e79a9c05d0aef6477b64c13.jpg', 1399895757, 1400360876, 1),
(8, 'Чехоев Сослан', 3, 750891600, '<p>Рост: <span style="color: #008000;"><strong>184</strong></span></p>\r\n<p>Вес: <span style="color: #008000;"><strong>78</strong></span></p>\r\n<p>Гражданство: <span style="color: #008000;"><strong>Россия</strong></span></p>\r\n<p>Игровой номер: <span style="color: #008000;"><strong>76</strong></span></p>', '5dbe0431e93022b45dd93f97634ffc9d.jpg', 1399895783, 1400355222, 1),
(11, 'Худошин Тамерлан', 3, 821998800, '<p>Рост: <span style="color: #008000;"><strong>180</strong></span></p>\r\n<p>Вес<strong>: <span style="color: #008000;">72</span></strong></p>\r\n<p>Гражданство:<span style="color: #008000;"><strong> Россия</strong></span></p>\r\n<p>Игровой номер: <span style="color: #008000;"><strong>92</strong></span></p>', '2b4da19996594fa4d5a8db07762a65b2.jpg', 1399895839, 1400355132, 1),
(12, 'Сошкин Григорий', 3, 612907200, '<p>Рост: <span style="color: #008000;"><strong>183</strong></span></p>\r\n<p>Вес: <span style="color: #008000;"><strong>81</strong></span></p>\r\n<p>Гражданство: <span style="color: #008000;"><strong>Россия</strong></span></p>\r\n<p>Игровой номер: <span style="color: #008000;"><strong>34</strong></span></p>', '4ea943e731bd5234ba6785f56017be4d.jpg', 1399897077, 1400355119, 1),
(13, 'Мозговой Антон', 2, 487886400, '<p>Рост:<strong><span style="color: #008000;"> 181</span></strong></p>\r\n<p>Вес:<span style="color: #008000;"><strong> 85</strong></span></p>\r\n<p>Гражданство: <span style="color: #008000;"><strong>Россия</strong></span></p>\r\n<p>Игровой номер: <span style="color: #008000;"><strong>85</strong></span></p>', 'b4cd367fb3d5514006beafd67f163c2b.jpg', 1399903301, 1401306886, 1),
(14, 'Кучиев Артур', 4, 714859200, '<p>Рост: <span style="color: #008000;"><strong>182</strong></span></p>\r\n<p>Вес: <strong><span style="color: #008000;">70</span></strong></p>\r\n<p>Гражданство: <strong><span style="color: #008000;">Россия</span></strong></p>\r\n<p>Игровой номер: <span style="color: #008000;"><strong>17</strong></span></p>', '6dc3c7024ae6a467021d9cfdefdd511e.jpg', 1399903621, 1400355148, 1),
(15, 'Чехоев Чермен', 2, 741643200, '<p>Рост: <span style="color: #008000;"><strong>190</strong></span></p>\r\n<p>Вес: <span style="color: #008000;"><strong>72</strong></span></p>\r\n<p>Гражданство: <strong><span style="color: #008000;">Россия</span></strong></p>\r\n<p>Игровой номер: <span style="color: #008000;"><strong>19</strong></span></p>', '8de6ac726123b4fe846ecc2fd41599ee.jpg', 1399977525, 1400354966, 1),
(16, 'Качмазов Юрий', 3, 694044000, '<p>Рост: <span style="color: #008000;"><strong>177</strong></span></p>\r\n<p>Вес: <span style="color: #008000;"><strong>70</strong></span></p>\r\n<p>Гражданство: <span style="color: #008000;"><strong>Россия</strong></span></p>\r\n<p>Игровой номер: <span style="color: #008000;"><strong>22</strong></span></p>', '3afbf29f0b637b1e80c83232e5c49038.jpg', 1399980614, 1403467413, 1),
(17, 'Пухаев Владимир', 1, 773524800, '<p>Рост: <span style="color: #008000;"><strong>185</strong></span></p>\r\n<p>Вес:<span style="color: #008000;"><strong> 72</strong></span></p>\r\n<p>Гражданство: <strong><span style="color: #008000;">Россия</span></strong></p>\r\n<p>Игровой номер: <span style="color: #008000;"><strong>1</strong></span></p>', 'd6d38d27f3c797c22797d4c45d887439.jpg', 1399980771, 1404803752, 1),
(19, 'Асалиев Назим', 2, 690674400, '<p>Рост: <span style="color: #008000;"><strong>170</strong></span></p>\r\n<p>Вес: <span style="color: #008000;"><strong>72</strong></span></p>\r\n<p>Гражданство: <span style="color: #008000;"><strong>Россия</strong></span></p>\r\n<p>Игровой номер: <span style="color: #008000;"><strong>5</strong></span></p>', 'fca403b8ba819fa52680cb27a7680204.jpg', 1399981434, 1400353459, 1),
(20, 'Джикаев Майрам', 3, 728254800, '<p>Рост: <span style="color: #008000;"><strong>177</strong></span></p>\r\n<p>Вес:<span style="color: #008000;"><strong> 73</strong></span></p>\r\n<p>Гражданство: <span style="color: #008000;"><strong>Россия</strong></span></p>\r\n<p>Игровой номер: <span style="color: #008000;"><strong>23</strong></span></p>', 'b804966310c5635c12e254b1c544c437.jpg', 1399981738, 1400355001, 1),
(22, 'Магкеев Асланбек', 3, 369432000, '<p>Рост: <span style="color: #008000;"><strong>175</strong></span></p>\r\n<p>Вес: <strong><span style="color: #008000;">79</span></strong></p>\r\n<p>Гражданство:<span style="color: #008000;"><strong> Россия</strong></span></p>\r\n<p>Игровой номер: <span style="color: #008000;"><strong>11</strong></span></p>', '3448d2ad7424e65e531531fe3e7b2e1a.jpg', 1399984138, 1400355011, 1),
(23, 'Жажиев Ирлан', 3, 778017600, '<p>Рост: <span style="color: #008000;"><strong>180</strong></span></p>\r\n<p>Вес: <strong><span style="color: #008000;">74</span></strong></p>\r\n<p>Гражданство:<span style="color: #008000;"><strong> Россия</strong></span></p>\r\n<p>Игровой номер: <span style="color: #008000;"><strong>10</strong></span></p>', NULL, 1399984345, 1399984345, 1),
(24, 'Засеев Заур', 2, 776030400, '<p>Рост: <span style="color: #008000;"><strong>181</strong></span></p>\r\n<p>Вес: <span style="color: #008000;"><strong>70</strong></span></p>\r\n<p>Гражданство: <strong><span style="color: #008000;">Россия</span></strong></p>\r\n<p>Игровой номер: <span style="color: #008000;"><strong>3</strong></span></p>', '02e1ecbba6f26086d8d052a464938570.jpg', 1399984583, 1403467686, 1),
(25, 'Васюков Дмитрий', 3, 752965200, '<p>Рост: <strong><span style="color: #008000;">183</span></strong></p>\r\n<p>Вес: <span style="color: #008000;"><strong>70</strong></span></p>\r\n<p>Гражданство: <strong><span style="color: #008000;">Россия</span></strong></p>\r\n<p>Игровой номер: <span style="color: #008000;"><strong>88</strong></span></p>', 'a7bca79ff5451eb502b817cba3b6d790.jpg', 1399986666, 1400354987, 1),
(26, 'Васин Игорь', 3, 577828800, '<p>Рост: <span style="color: #008000;"><strong>187</strong></span></p>\r\n<p>Вес: <strong><span style="color: #008000;">73</span></strong></p>\r\n<p>Гражданство: <span style="color: #008000;"><strong>Россия</strong></span></p>\r\n<p>Игровой номер: <span style="color: #008000;"><strong>8</strong></span></p>', '30ecef5ac190c7c4231c0dcce9c22526.jpg', 1399986969, 1403467700, 1),
(27, 'Хабалов Владислав', 4, 569883600, '<p>Рост: <span style="color: #008000;"><strong>179</strong></span></p>\r\n<p>Вес: <span style="color: #008000;"><strong>85</strong></span></p>\r\n<p>Гражданство: <span style="color: #008000;"><strong>Россия</strong></span></p>\r\n<p>Игровой номер: <span style="color: #008000;"><strong>15</strong></span></p>', '3b222fce1a6ee817d162c73ae8819314.jpg', 1399989440, 1400355158, 1),
(28, 'Осепов Михаил ', 3, 647640000, '<p>Рост:&nbsp;<span style="color: #008000;"><strong>182</strong></span></p>\r\n<p>Вес:<strong>&nbsp;<span style="color: #008000;">72</span></strong></p>\r\n<p>Гражданство:&nbsp;<span style="color: #008000;"><strong>Россия</strong></span></p>\r\n<p>Игровой номер: <span style="color: #008000;"><strong>90</strong></span></p>', '8372c265f3b71014fe8a4c4ccc1108d7.jpg', 1400000687, 1400355020, 1),
(29, 'Лолаев Георгий', 2, 577051200, '<p>Рост: <strong>166</strong></p>\r\n<p>Вес: <span style="color: #008000;"><strong>60</strong></span></p>\r\n<p>Гражданство: <strong><span style="color: #008000;">Россия</span></strong></p>\r\n<p>Игровой номер: <span style="color: #008000;"><strong>2</strong></span></p>', 'ee66c4d4216cdf2ae760683ccde7064f.jpg', 1400008210, 1400353468, 1),
(31, 'Тедеев Хетаг', 4, 870724800, '<p>Рост: <span style="color: #008000;"><strong>180</strong></span></p>\r\n<p>Вес: <span style="color: #008000;"><strong>77</strong></span></p>\r\n<p>Гражданство: <span style="color: #008000;"><strong>Россия</strong></span></p>\r\n<p>Игровой номер: <span style="color: #008000;"><strong>13</strong></span></p>', 'a0209df2b408729513bc4ddb637803ee.jpg', 1400180819, 1403467831, 1),
(32, 'Добаев Ахсар', 3, 784501200, '<p>Рост:</p>\r\n<p>Вес:</p>\r\n<p>Гражданство:&nbsp;<span style="color: #008000;"><strong>Россия</strong></span></p>\r\n<p>Игровой номер:&nbsp;<span style="color: #008000;"><strong>7</strong></span></p>', NULL, 1410510489, 1410510511, 1);

-- --------------------------------------------------------

--
-- Структура таблицы `positions`
--

DROP TABLE IF EXISTS `positions`;
CREATE TABLE IF NOT EXISTS `positions` (
  `id` int(11) unsigned NOT NULL AUTO_INCREMENT,
  `value` varchar(255) NOT NULL,
  `created_at` int(11) DEFAULT NULL,
  `updated_at` int(11) DEFAULT NULL,
  PRIMARY KEY (`id`)
) ENGINE=InnoDB  DEFAULT CHARSET=utf8 AUTO_INCREMENT=5 ;

--
-- Дамп данных таблицы `positions`
--

INSERT INTO `positions` (`id`, `value`, `created_at`, `updated_at`) VALUES
(1, 'Вратари', NULL, NULL),
(2, 'Защитники', NULL, NULL),
(3, 'Полузащитники', NULL, NULL),
(4, 'Нападающие', NULL, NULL);

-- --------------------------------------------------------

--
-- Структура таблицы `seasons`
--

DROP TABLE IF EXISTS `seasons`;
CREATE TABLE IF NOT EXISTS `seasons` (
  `id` int(11) unsigned NOT NULL AUTO_INCREMENT,
  `value` varchar(255) NOT NULL,
  `created_at` int(11) DEFAULT NULL,
  `updated_at` int(11) DEFAULT NULL,
  `has_table` int(11) NOT NULL DEFAULT '0',
  PRIMARY KEY (`id`)
) ENGINE=InnoDB  DEFAULT CHARSET=utf8 AUTO_INCREMENT=6 ;

--
-- Дамп данных таблицы `seasons`
--

INSERT INTO `seasons` (`id`, `value`, `created_at`, `updated_at`, `has_table`) VALUES
(3, 'Чемпионат ЛЛФК', 1401393235, 1401393235, 1),
(4, 'Товарищеские матчи', 1409347898, 1409348162, 0),
(5, 'Кубок ЛЛК', 1410443131, 1410443131, 0);

-- --------------------------------------------------------

--
-- Структура таблицы `seasons_teams`
--

DROP TABLE IF EXISTS `seasons_teams`;
CREATE TABLE IF NOT EXISTS `seasons_teams` (
  `id` int(11) unsigned NOT NULL AUTO_INCREMENT,
  `season_id` int(11) NOT NULL,
  `team_id` int(11) NOT NULL,
  PRIMARY KEY (`id`)
) ENGINE=InnoDB  DEFAULT CHARSET=utf8 AUTO_INCREMENT=117 ;

--
-- Дамп данных таблицы `seasons_teams`
--

INSERT INTO `seasons_teams` (`id`, `season_id`, `team_id`) VALUES
(88, 3, 6),
(89, 3, 10),
(90, 3, 2),
(91, 3, 3),
(92, 3, 5),
(93, 3, 15),
(94, 3, 1),
(95, 3, 16),
(96, 3, 17),
(97, 3, 12),
(98, 3, 14),
(99, 3, 11),
(100, 3, 7),
(101, 3, 18),
(102, 3, 9),
(103, 3, 8),
(104, 3, 4),
(105, 3, 13),
(107, 4, 4),
(108, 4, 19),
(109, 5, 6),
(110, 5, 3),
(111, 5, 1),
(112, 5, 12),
(113, 5, 11),
(114, 5, 9),
(115, 5, 8),
(116, 5, 4);

-- --------------------------------------------------------

--
-- Структура таблицы `sliders`
--

DROP TABLE IF EXISTS `sliders`;
CREATE TABLE IF NOT EXISTS `sliders` (
  `id` int(11) unsigned NOT NULL AUTO_INCREMENT,
  `img_path` varchar(255) CHARACTER SET utf8 COLLATE utf8_unicode_ci NOT NULL,
  `uri` varchar(255) CHARACTER SET utf8 COLLATE utf8_unicode_ci NOT NULL,
  `position` int(11) NOT NULL,
  `description` varchar(60) CHARACTER SET utf8 COLLATE utf8_unicode_ci DEFAULT NULL,
  `created_at` int(11) DEFAULT NULL,
  `updated_at` int(11) DEFAULT NULL,
  PRIMARY KEY (`id`)
) ENGINE=InnoDB  DEFAULT CHARSET=utf8 AUTO_INCREMENT=44 ;

--
-- Дамп данных таблицы `sliders`
--

INSERT INTO `sliders` (`id`, `img_path`, `uri`, `position`, `description`, `created_at`, `updated_at`) VALUES
(33, '0cd8f7b4021c26a785e38daf05bbb415.jpg', 'news/shahter/view/69', 5, '10 лет трагедии в г.Беслан', 1409557051, 1410445299),
(39, 'e4a91acab50451235dd9b0ae5f240b66.jpg', 'news/interviews/view/72', 4, 'С. Чехоев: "В следующем сезоне заявим две команды"', 1409752364, 1410445301),
(41, '234684d2095eb6bd52ca39263b85f269.jpg', 'news/interviews/view/73', 3, 'А. Мозговой: "Прошедший сезон оцениваю на 4"', 1409899263, 1410445303),
(42, 'da7aa5287f10c4704a4acbd3b6c81ddc.jpg', 'news/shahter/view/76', 2, 'Наш клуб проводит турнир по мини-футболу среди организаций', 1410297737, 1410445305),
(43, 'ad714a80de6f4358fcdca64b4c096968.jpg', 'news/shahter/view/79', 1, '"Шахтёр Садон" примет участие в Кубке ЛЛК', 1410445296, 1410445305);

-- --------------------------------------------------------

--
-- Структура таблицы `staff`
--

DROP TABLE IF EXISTS `staff`;
CREATE TABLE IF NOT EXISTS `staff` (
  `id` int(11) unsigned NOT NULL AUTO_INCREMENT,
  `staff_name` varchar(255) NOT NULL,
  `birthdate` int(11) NOT NULL,
  `data` text NOT NULL,
  `image_uri` varchar(255) NOT NULL,
  `created_at` int(11) DEFAULT NULL,
  `updated_at` int(11) DEFAULT NULL,
  PRIMARY KEY (`id`)
) ENGINE=InnoDB DEFAULT CHARSET=utf8 AUTO_INCREMENT=1 ;

-- --------------------------------------------------------

--
-- Структура таблицы `statuses`
--

DROP TABLE IF EXISTS `statuses`;
CREATE TABLE IF NOT EXISTS `statuses` (
  `id` int(11) unsigned NOT NULL AUTO_INCREMENT,
  `value` varchar(255) NOT NULL,
  `created_at` int(11) DEFAULT NULL,
  `updated_at` int(11) DEFAULT NULL,
  PRIMARY KEY (`id`)
) ENGINE=InnoDB  DEFAULT CHARSET=utf8 AUTO_INCREMENT=3 ;

--
-- Дамп данных таблицы `statuses`
--

INSERT INTO `statuses` (`id`, `value`, `created_at`, `updated_at`) VALUES
(1, 'Не сыграно', NULL, NULL),
(2, 'Закончен', NULL, NULL);

-- --------------------------------------------------------

--
-- Структура таблицы `strikers`
--

DROP TABLE IF EXISTS `strikers`;
CREATE TABLE IF NOT EXISTS `strikers` (
  `id` int(11) unsigned NOT NULL AUTO_INCREMENT,
  `season_id` int(11) DEFAULT NULL,
  `show` int(11) NOT NULL DEFAULT '0',
  `created_at` int(11) DEFAULT NULL,
  `updated_at` int(11) DEFAULT NULL,
  PRIMARY KEY (`id`)
) ENGINE=InnoDB  DEFAULT CHARSET=utf8 AUTO_INCREMENT=2 ;

--
-- Дамп данных таблицы `strikers`
--

INSERT INTO `strikers` (`id`, `season_id`, `show`, `created_at`, `updated_at`) VALUES
(1, 3, 1, NULL, 1404214989);

-- --------------------------------------------------------

--
-- Структура таблицы `tables`
--

DROP TABLE IF EXISTS `tables`;
CREATE TABLE IF NOT EXISTS `tables` (
  `id` int(11) unsigned NOT NULL AUTO_INCREMENT,
  `results_json` text NOT NULL,
  `season_id` int(11) NOT NULL,
  `show_on_main` int(1) NOT NULL DEFAULT '0',
  `created_at` int(11) DEFAULT NULL,
  `updated_at` int(11) DEFAULT NULL,
  PRIMARY KEY (`id`)
) ENGINE=InnoDB  DEFAULT CHARSET=utf8 AUTO_INCREMENT=4 ;

--
-- Дамп данных таблицы `tables`
--

INSERT INTO `tables` (`id`, `results_json`, `season_id`, `show_on_main`, `created_at`, `updated_at`) VALUES
(3, '[{"id":"3","place":3,"name":"\\u041b\\u0424\\u041a \\"\\u0411\\u0410\\u041c\\"","games":"17","wins":"13","draws":"2","loss":"2","goals_in":"25","goals_out":"60","points":"41"},{"id":"2","place":2,"name":"\\u041b\\u0424\\u041a \\"\\u0410\\u0444\\u0433\\u0430\\u043d\\u043a\\u0430\\"","games":"17","wins":"13","draws":"3","loss":"1","goals_in":"22","goals_out":"68","points":"42"},{"id":"1","place":1,"name":"\\u041b\\u0424\\u041a \\"\\u041b\\u0438\\u0434\\u0441-12\\"","games":"17","wins":"14","draws":"2","loss":"1","goals_in":"26","goals_out":"71","points":"44"},{"id":"11","place":4,"name":"\\u041b\\u0424\\u041a \\"\\u0424\\u0435\\u043d\\u0438\\u043a\\u0441\\"","games":"17","wins":"12","draws":"2","loss":"3","goals_in":"27","goals_out":"59","points":"38"},{"id":"8","place":5,"name":"\\u041b\\u0424\\u041a \\"\\u0428\\u0430\\u043b\\u0434\\u043e\\u043d-\\u0427\\"","games":"16","wins":"11","draws":"3","loss":"2","goals_in":"40","goals_out":"72","points":"36"},{"id":"12","place":6,"name":"\\u041b\\u0424\\u041a \\"\\u0420\\u0438\\u041a\\"","games":"17","wins":"10","draws":"4","loss":"3","goals_in":"36","goals_out":"54","points":"34"},{"id":"9","place":8,"name":"\\u041b\\u0424\\u041a \\"\\u0428\\u0430\\u043b\\u0434\\u043e\\u043d\\"","games":"16","wins":"9","draws":"1","loss":"6","goals_in":"48","goals_out":"53","points":"28"},{"id":"6","place":7,"name":"\\u041b\\u0424\\u041a \\"\\u0410\\u043b\\u0430\\u043d\\u0438\\u044f\\" \\u041c\\u043e\\u0437\\u0434\\u043e\\u043a","games":"17","wins":"9","draws":"3","loss":"5","goals_in":"31","goals_out":"43","points":"30"},{"id":"10","place":9,"name":"\\u041b\\u0424\\u041a \\"\\u0410\\u043b\\u0431\\u0430\\u0440\\u0441\\"","games":"17","wins":"8","draws":"2","loss":"7","goals_in":"40","goals_out":"50","points":"26"},{"id":"4","place":11,"name":"\\u041b\\u0424\\u041a \\"\\u0428\\u0430\\u0445\\u0442\\u0451\\u0440 \\u0421\\u0430\\u0434\\u043e\\u043d\\"","games":17,"wins":7,"draws":"2","loss":"8","goals_in":44,"goals_out":37,"points":23},{"id":"13","place":10,"name":"\\u041b\\u0424\\u041a \\"\\u042d\\u043b\\u0435\\u043a\\u0442\\u0440\\u043e\\u0446\\u0438\\u043d\\u043a\\"","games":"17","wins":"8","draws":"1","loss":"8","goals_in":"58","goals_out":"50","points":"25"},{"id":"5","place":12,"name":"\\u041b\\u0424\\u041a \\"\\u0414\\u0436\\u0430\\u043d\\u0440\\u043e\\u0441\\"","games":"16","wins":"5","draws":"2","loss":"9","goals_in":"45","goals_out":"41","points":"17"},{"id":"16","place":14,"name":"\\u041b\\u0424\\u041a \\"\\u041e\\u0441\\u0435\\u0442\\u0438\\u043d\\u043a\\u0430\\"","games":"17","wins":"4","draws":"0","loss":"13","goals_in":"54","goals_out":"30","points":"12"},{"id":"7","place":15,"name":"\\u041b\\u0424\\u041a \\"\\u0424\\u0438\\u043e\\u0440\\u0435\\u043d\\u0442\\u0438\\u043d\\u0430\\"","games":"16","wins":"3","draws":"1","loss":"12","goals_in":"65","goals_out":"36","points":"10"},{"id":"15","place":13,"name":"\\u041b\\u0424\\u041a \\"\\u0418\\u0440\\u0438\\u0441\\u0442\\u043e\\u043d\\"","games":"17","wins":"4","draws":"1","loss":"12","goals_in":"55","goals_out":"34","points":"13"},{"id":"14","place":16,"name":"\\u041b\\u0424\\u041a \\"\\u0424\\u0430\\u0432\\u043e\\u0440\\"","games":17,"wins":"2","draws":"2","loss":13,"goals_in":41,"goals_out":8,"points":"7"},{"id":"17","place":17,"name":"\\u041b\\u0424\\u041a \\"\\u041f\\u0410\\u041e\\"","games":"17","wins":"2","draws":"0","loss":"15","goals_in":"89","goals_out":"28","points":"6"},{"id":"18","place":18,"name":"\\u041b\\u0424\\u041a \\"\\u0424\\u043e\\u0440\\u0442\\u0443\\u043d\\u0430\\"","games":"17","wins":"1","draws":"1","loss":"15","goals_in":"64","goals_out":"6","points":"3"}]', 3, 1, 1401393235, 1410111080);

-- --------------------------------------------------------

--
-- Структура таблицы `teams`
--

DROP TABLE IF EXISTS `teams`;
CREATE TABLE IF NOT EXISTS `teams` (
  `id` int(11) unsigned NOT NULL AUTO_INCREMENT,
  `value` varchar(255) NOT NULL,
  `logo_uri` varchar(255) NOT NULL,
  `created_at` int(11) DEFAULT NULL,
  `updated_at` int(11) DEFAULT NULL,
  PRIMARY KEY (`id`)
) ENGINE=InnoDB  DEFAULT CHARSET=utf8 AUTO_INCREMENT=20 ;

--
-- Дамп данных таблицы `teams`
--

INSERT INTO `teams` (`id`, `value`, `logo_uri`, `created_at`, `updated_at`) VALUES
(1, 'ЛФК "Лидс-12"', 'fdcd1b08f5156d602ad81cff2d3c7fdb.jpg', 1401346059, 1401383799),
(2, 'ЛФК "Афганка"', 'a5c44349f0e876fe7011779fbc94d0db.png', 1401346096, 1401346096),
(3, 'ЛФК "БАМ"', '01f312df3deba81e9363ef90f0225907.jpg', 1401346191, 1401346191),
(4, 'ЛФК "Шахтёр Садон"', 'dd96dc655ca217e8c031aa61d9649484.jpg', 1401376836, 1401384701),
(5, 'ЛФК "Джанрос"', '1dc0a4776a535cd5479b2c7a3ce428b6.png', 1401380795, 1401380795),
(6, 'ЛФК "Алания" Моздок', '496ae46432023ab0c8385af0d813d362.jpg', 1401383577, 1401383767),
(7, 'ЛФК "Фиорентина"', '042a86a82495f951c261792de70caf94.jpg', 1401383666, 1401383685),
(8, 'ЛФК "Шалдон-Ч"', '9fe876752473a7a1904ae6cbbd3086b2.jpg', 1401383869, 1401383869),
(9, 'ЛФК "Шалдон"', 'ea82c85b5d0f41571ef8730000957aff.jpg', 1401383881, 1401383881),
(10, 'ЛФК "Албарс"', '6434266a548670b5c06ea05aa8738e18.jpg', 1401383914, 1401383914),
(11, 'ЛФК "Феникс"', '003b18dc7b266b17e19a8f8882b9eb4c.jpg', 1401383953, 1401383953),
(12, 'ЛФК "РиК"', 'f634db812d2590054223cab1e004c880.jpg', 1401383962, 1401383962),
(13, 'ЛФК "Электроцинк"', '584d0821b73fc53f0a54b16d8a13fb2d.jpg', 1401383981, 1401383981),
(14, 'ЛФК "Фавор"', 'de56aba5f17a1c68b55347cc8afca00a.jpg', 1401383992, 1401383992),
(15, 'ЛФК "Иристон"', '3b47095dfd2940b1fb7ff7ebae4afe7d.jpg', 1401384010, 1401384010),
(16, 'ЛФК "Осетинка"', 'bbdca5dd543675b363dcd36eb45747b2.jpg', 1401384024, 1401384024),
(17, 'ЛФК "ПАО"', 'cb2ba2171cc4d7e420d2551dd722360e.jpg', 1401384041, 1401384041),
(18, 'ЛФК "Фортуна"', '22df4e1d14dbd60438105e30515dfa53.jpg', 1401384095, 1401384095),
(19, 'ХК "Алания"', '29abda6b8c32436eebd16f8d8ec56c96.jpg', 1409348141, 1409348141);

-- --------------------------------------------------------

--
-- Структура таблицы `users`
--

DROP TABLE IF EXISTS `users`;
CREATE TABLE IF NOT EXISTS `users` (
  `id` int(11) NOT NULL AUTO_INCREMENT,
  `username` varchar(50) NOT NULL,
  `password` varchar(255) NOT NULL,
  `group` int(11) NOT NULL DEFAULT '1',
  `email` varchar(255) NOT NULL,
  `last_login` varchar(25) NOT NULL,
  `login_hash` varchar(255) NOT NULL,
  `profile_fields` text NOT NULL,
  `created_at` int(11) NOT NULL DEFAULT '0',
  `updated_at` int(11) NOT NULL DEFAULT '0',
  PRIMARY KEY (`id`),
  UNIQUE KEY `username` (`username`,`email`)
) ENGINE=InnoDB  DEFAULT CHARSET=utf8 AUTO_INCREMENT=3 ;

--
-- Дамп данных таблицы `users`
--

INSERT INTO `users` (`id`, `username`, `password`, `group`, `email`, `last_login`, `login_hash`, `profile_fields`, `created_at`, `updated_at`) VALUES
(1, 'admin', 'TSpEHn+OhzgDc/ur859gzTO7SESTwKGAvnK136vjvqs=', 100, 'alex.mon1989@gmail.com', '1411169033', '4469a8f966715958b3a2acd2ffd33504099cdc3f', 'a:0:{}', 1397381799, 0),
(2, 'user1234', 'x034n16adUo6QNrHCEqqK2vs9p/GG4dpaJ2Q+4GNMqk=', 100, 'user@user.com', '1404244619', 'e815b341784accfabc0b7ac614ec0c8b770395a8', 'a:0:{}', 1404244556, 0);

-- --------------------------------------------------------

--
-- Структура таблицы `users_clients`
--

DROP TABLE IF EXISTS `users_clients`;
CREATE TABLE IF NOT EXISTS `users_clients` (
  `id` int(11) NOT NULL AUTO_INCREMENT,
  `name` varchar(32) NOT NULL DEFAULT '',
  `client_id` varchar(32) NOT NULL DEFAULT '',
  `client_secret` varchar(32) NOT NULL DEFAULT '',
  `redirect_uri` varchar(255) NOT NULL DEFAULT '',
  `auto_approve` tinyint(1) NOT NULL DEFAULT '0',
  `autonomous` tinyint(1) NOT NULL DEFAULT '0',
  `status` enum('development','pending','approved','rejected') NOT NULL DEFAULT 'development',
  `suspended` tinyint(1) NOT NULL DEFAULT '0',
  `notes` tinytext NOT NULL,
  PRIMARY KEY (`id`),
  UNIQUE KEY `client_id` (`client_id`)
) ENGINE=InnoDB DEFAULT CHARSET=utf8 AUTO_INCREMENT=1 ;

-- --------------------------------------------------------

--
-- Структура таблицы `users_providers`
--

DROP TABLE IF EXISTS `users_providers`;
CREATE TABLE IF NOT EXISTS `users_providers` (
  `id` int(11) NOT NULL AUTO_INCREMENT,
  `parent_id` int(11) NOT NULL DEFAULT '0',
  `provider` varchar(50) NOT NULL,
  `uid` varchar(255) NOT NULL,
  `secret` varchar(255) DEFAULT NULL,
  `access_token` varchar(255) DEFAULT NULL,
  `expires` int(12) DEFAULT '0',
  `refresh_token` varchar(255) DEFAULT NULL,
  `user_id` int(11) NOT NULL DEFAULT '0',
  `created_at` int(11) NOT NULL DEFAULT '0',
  `updated_at` int(11) NOT NULL DEFAULT '0',
  PRIMARY KEY (`id`),
  KEY `parent_id` (`parent_id`)
) ENGINE=InnoDB DEFAULT CHARSET=utf8 AUTO_INCREMENT=1 ;

-- --------------------------------------------------------

--
-- Структура таблицы `users_scopes`
--

DROP TABLE IF EXISTS `users_scopes`;
CREATE TABLE IF NOT EXISTS `users_scopes` (
  `id` int(11) NOT NULL AUTO_INCREMENT,
  `scope` varchar(64) NOT NULL DEFAULT '',
  `name` varchar(64) NOT NULL DEFAULT '',
  `description` varchar(255) NOT NULL DEFAULT '',
  PRIMARY KEY (`id`),
  UNIQUE KEY `scope` (`scope`)
) ENGINE=InnoDB DEFAULT CHARSET=utf8 AUTO_INCREMENT=1 ;

-- --------------------------------------------------------

--
-- Структура таблицы `users_sessions`
--

DROP TABLE IF EXISTS `users_sessions`;
CREATE TABLE IF NOT EXISTS `users_sessions` (
  `id` int(11) NOT NULL AUTO_INCREMENT,
  `client_id` varchar(32) NOT NULL DEFAULT '',
  `redirect_uri` varchar(255) NOT NULL DEFAULT '',
  `type_id` varchar(64) NOT NULL,
  `type` enum('user','auto') NOT NULL DEFAULT 'user',
  `code` text NOT NULL,
  `access_token` varchar(50) NOT NULL DEFAULT '',
  `stage` enum('request','granted') NOT NULL DEFAULT 'request',
  `first_requested` int(11) NOT NULL,
  `last_updated` int(11) NOT NULL,
  `limited_access` tinyint(1) NOT NULL DEFAULT '0',
  PRIMARY KEY (`id`),
  KEY `oauth_sessions_ibfk_1` (`client_id`)
) ENGINE=InnoDB DEFAULT CHARSET=utf8 AUTO_INCREMENT=1 ;

-- --------------------------------------------------------

--
-- Структура таблицы `users_sessionscopes`
--

DROP TABLE IF EXISTS `users_sessionscopes`;
CREATE TABLE IF NOT EXISTS `users_sessionscopes` (
  `id` int(11) NOT NULL AUTO_INCREMENT,
  `session_id` int(11) NOT NULL,
  `access_token` varchar(50) NOT NULL DEFAULT '',
  `scope` varchar(64) NOT NULL DEFAULT '',
  PRIMARY KEY (`id`),
  KEY `session_id` (`session_id`),
  KEY `access_token` (`access_token`),
  KEY `scope` (`scope`)
) ENGINE=InnoDB DEFAULT CHARSET=utf8 AUTO_INCREMENT=1 ;

-- --------------------------------------------------------

--
-- Структура таблицы `videos`
--

DROP TABLE IF EXISTS `videos`;
CREATE TABLE IF NOT EXISTS `videos` (
  `id` int(11) unsigned NOT NULL AUTO_INCREMENT,
  `videoid` varchar(20) NOT NULL,
  `created_at` int(11) DEFAULT NULL,
  `updated_at` int(11) DEFAULT NULL,
  PRIMARY KEY (`id`)
) ENGINE=InnoDB  DEFAULT CHARSET=utf8 AUTO_INCREMENT=5 ;

--
-- Дамп данных таблицы `videos`
--

INSERT INTO `videos` (`id`, `videoid`, `created_at`, `updated_at`) VALUES
(1, 'fkC7Ji9O-jk', 1398414487, 1399916714),
(4, 'U8SI2fig5IM', 1399231919, 1399933362);

-- --------------------------------------------------------

--
-- Структура таблицы `votes`
--

DROP TABLE IF EXISTS `votes`;
CREATE TABLE IF NOT EXISTS `votes` (
  `id` int(11) unsigned NOT NULL AUTO_INCREMENT,
  `question` varchar(255) NOT NULL,
  `answers_json` text NOT NULL,
  `hash` varchar(32) NOT NULL,
  `enable` int(1) NOT NULL DEFAULT '0',
  `created_at` int(11) DEFAULT NULL,
  `updated_at` int(11) DEFAULT NULL,
  PRIMARY KEY (`id`)
) ENGINE=InnoDB  DEFAULT CHARSET=utf8 AUTO_INCREMENT=2 ;

--
-- Дамп данных таблицы `votes`
--

INSERT INTO `votes` (`id`, `question`, `answers_json`, `hash`, `enable`, `created_at`, `updated_at`) VALUES
(1, 'Как завершится матч с ЛФК "Лидс-12"?', '[{"answer":"\\u041f\\u043e\\u0431\\u0435\\u0434\\u043e\\u0439 \\u0424\\u041a \\"\\u0428\\u0430\\u0445\\u0442\\u0451\\u0440 \\u0421\\u0430\\u0434\\u043e\\u043d\\" \\u0432 \\u043e\\u0434\\u0438\\u043d \\u043c\\u044f\\u0447","count":1},{"answer":"\\u041f\\u043e\\u0431\\u0435\\u0434\\u043e\\u0439 \\u0424\\u041a \\"\\u0428\\u0430\\u0445\\u0442\\u0451\\u0440 \\u0421\\u0430\\u0434\\u043e\\u043d\\" \\u0432 \\u0434\\u0432\\u0430 \\u043c\\u044f\\u0447\\u0430","count":0},{"answer":"\\u041f\\u043e\\u0431\\u0435\\u0434\\u043e\\u0439 \\u0424\\u041a \\"\\u0428\\u0430\\u0445\\u0442\\u0451\\u0440 \\u0421\\u0430\\u0434\\u043e\\u043d\\" \\u0432 \\u0442\\u0440\\u0438 \\u0438 \\u0431\\u043e\\u043b\\u0435\\u0435 \\u043c\\u044f\\u0447\\u0435\\u0439","count":0},{"answer":"\\u041d\\u0438\\u0447\\u044c\\u0451\\u0439","count":2},{"answer":"\\u041f\\u043e\\u0431\\u0435\\u0434\\u043e\\u0439 \\u041b\\u0424\\u041a \\"\\u041b\\u0438\\u0434\\u0441-12\\" \\u0432 \\u0442\\u0440\\u0438 \\u0438 \\u0431\\u043e\\u043b\\u0435\\u0435 \\u043c\\u044f\\u0447\\u0435\\u0439","count":1},{"answer":"\\u041f\\u043e\\u0431\\u0435\\u0434\\u043e\\u0439 \\u041b\\u0424\\u041a \\"\\u041b\\u0438\\u0434\\u0441-12\\" \\u0432 \\u0434\\u0432\\u0430 \\u043c\\u044f\\u0447\\u0430","count":1},{"answer":"\\u041f\\u043e\\u0431\\u0435\\u0434\\u043e\\u0439 \\u041b\\u0424\\u041a \\"\\u041b\\u0438\\u0434\\u0441-12\\" \\u0432 \\u043e\\u0434\\u0438\\u043d \\u043c\\u044f\\u0447","count":2},{"answer":"","count":0},{"answer":"","count":0},{"answer":"","count":0}]', '0ac0ec13bf9f1484c25ecaa10385598f', 1, NULL, 1410813922);

--
-- Ограничения внешнего ключа сохраненных таблиц
--

--
-- Ограничения внешнего ключа таблицы `users_sessions`
--
ALTER TABLE `users_sessions`
  ADD CONSTRAINT `oauth_sessions_ibfk_1` FOREIGN KEY (`client_id`) REFERENCES `users_clients` (`client_id`) ON DELETE CASCADE;

--
-- Ограничения внешнего ключа таблицы `users_sessionscopes`
--
ALTER TABLE `users_sessionscopes`
  ADD CONSTRAINT `oauth_sessionscopes_ibfk_1` FOREIGN KEY (`scope`) REFERENCES `users_scopes` (`scope`),
  ADD CONSTRAINT `oauth_sessionscopes_ibfk_2` FOREIGN KEY (`session_id`) REFERENCES `users_sessions` (`id`) ON DELETE CASCADE;

/*!40101 SET CHARACTER_SET_CLIENT=@OLD_CHARACTER_SET_CLIENT */;
/*!40101 SET CHARACTER_SET_RESULTS=@OLD_CHARACTER_SET_RESULTS */;
/*!40101 SET COLLATION_CONNECTION=@OLD_COLLATION_CONNECTION */;
